pid,semitic_codes
0,"[1, 2, 45]"
1,"[8, 9, 51]"
2,"[45, 13, 50]"
3,"[62, 20, 51]"
4,"[60, 60, 2]"
5,"[42, 42, 40]"
6,"[62, 7, 42]"
7,"[53, 13, 26]"
8,"[21, 7, 21]"
9,"[62, 63, 57]"
10,"[60, 56, 26]"
11,"[62, 63, 50]"
12,"[3, 63, 58]"
13,"[49, 23, 6]"
14,"[8, 39, 12]"
15,"[20, 31, 2]"
16,"[26, 60, 23]"
17,"[7, 35, 63]"
18,"[1, 58, 16]"
19,"[1, 12, 19]"
20,"[52, 15, 54]"
21,"[60, 11, 49]"
22,"[51, 53, 58]"
23,"[46, 6, 52]"
24,"[52, 15, 54]"
25,"[52, 47, 31]"
26,"[46, 6, 52]"
27,"[51, 25, 1]"
28,"[26, 62, 11]"
29,"[38, 48, 62]"
30,"[51, 29, 9]"
31,"[2, 48, 5]"
32,"[15, 29, 38]"
33,"[15, 43, 30]"
34,"[19, 21, 44]"
35,"[60, 39, 59]"
36,"[2, 53, 48]"
37,"[7, 8, 63]"
38,"[13, 54, 24]"
39,"[19, 44, 49]"
40,"[51, 60, 2]"
41,"[42, 50, 61]"
42,"[40, 59, 10]"
43,"[62, 5, 14]"
44,"[62, 46, 37]"
45,"[62, 32, 21]"
46,"[4, 23, 18]"
47,"[33, 21, 50]"
48,"[62, 14, 36]"
49,"[62, 37, 8]"
50,"[26, 60, 23]"
51,"[62, 51, 44]"
52,"[27, 36, 22]"
53,"[62, 57, 57]"
54,"[2, 30, 46]"
55,"[21, 33, 37]"
56,"[25, 27, 25]"
57,"[62, 8, 43]"
58,"[62, 59, 11]"
59,"[21, 10, 39]"
60,"[14, 26, 29]"
61,"[17, 17, 28]"
62,"[62, 5, 21]"
63,"[14, 26, 55]"
64,"[14, 4, 29]"
65,"[23, 27, 30]"
66,"[33, 37, 5]"
67,"[62, 12, 25]"
68,"[60, 33, 55]"
69,"[62, 40, 45]"
70,"[1, 42, 33]"
71,"[51, 40, 42]"
72,"[1, 12, 7]"
73,"[15, 43, 16]"
74,"[21, 10, 39]"
75,"[62, 56, 19]"
76,"[41, 20, 51]"
77,"[41, 4, 41]"
78,"[0, 2, 53]"
79,"[1, 45, 34]"
80,"[62, 63, 42]"
81,"[62, 34, 37]"
82,"[17, 17, 28]"
83,"[48, 24, 27]"
84,"[49, 28, 38]"
85,"[58, 55, 4]"
86,"[62, 34, 31]"
87,"[51, 52, 25]"
88,"[7, 19, 56]"
89,"[51, 50, 12]"
90,"[1, 52, 13]"
91,"[21, 10, 4]"
92,"[36, 11, 9]"
93,"[21, 16, 35]"
94,"[62, 49, 0]"
95,"[51, 25, 1]"
96,"[7, 30, 58]"
97,"[52, 45, 48]"
98,"[42, 19, 32]"
99,"[62, 0, 7]"
100,"[62, 36, 15]"
101,"[8, 55, 24]"
102,"[27, 61, 56]"
103,"[9, 9, 61]"
104,"[53, 38, 20]"
105,"[52, 28, 11]"
106,"[57, 3, 47]"
107,"[52, 28, 36]"
108,"[63, 61, 59]"
109,"[62, 18, 41]"
110,"[52, 47, 32]"
111,"[48, 11, 27]"
112,"[53, 41, 8]"
113,"[32, 1, 3]"
114,"[57, 3, 47]"
115,"[23, 41, 6]"
116,"[7, 30, 46]"
117,"[52, 46, 18]"
118,"[19, 24, 35]"
119,"[62, 32, 15]"
120,"[1, 16, 33]"
121,"[42, 22, 3]"
122,"[62, 14, 34]"
123,"[52, 22, 13]"
124,"[52, 54, 17]"
125,"[52, 26, 10]"
126,"[52, 62, 17]"
127,"[62, 44, 60]"
128,"[5, 26, 49]"
129,"[39, 28, 26]"
130,"[9, 24, 0]"
131,"[62, 63, 22]"
132,"[57, 38, 35]"
133,"[52, 32, 61]"
134,"[28, 27, 30]"
135,"[62, 56, 33]"
136,"[8, 4, 55]"
137,"[45, 35, 26]"
138,"[13, 11, 2]"
139,"[49, 54, 59]"
140,"[46, 14, 52]"
141,"[25, 53, 25]"
142,"[52, 8, 43]"
143,"[52, 12, 17]"
144,"[25, 19, 0]"
145,"[21, 10, 4]"
146,"[62, 62, 32]"
147,"[14, 29, 51]"
148,"[39, 23, 38]"
149,"[58, 6, 3]"
150,"[42, 30, 10]"
151,"[23, 29, 2]"
152,"[62, 57, 28]"
153,"[21, 48, 33]"
154,"[13, 17, 29]"
155,"[8, 35, 20]"
156,"[62, 40, 61]"
157,"[23, 41, 30]"
158,"[62, 57, 34]"
159,"[59, 56, 1]"
160,"[15, 44, 58]"
161,"[15, 61, 48]"
162,"[62, 0, 14]"
163,"[40, 8, 43]"
164,"[52, 45, 5]"
165,"[51, 53, 5]"
166,"[1, 46, 13]"
167,"[62, 52, 41]"
168,"[23, 25, 28]"
169,"[39, 28, 12]"
170,"[52, 31, 36]"
171,"[8, 35, 9]"
172,"[62, 42, 23]"
173,"[1, 60, 17]"
174,"[1, 19, 53]"
175,"[49, 28, 38]"
176,"[14, 3, 55]"
177,"[62, 59, 32]"
178,"[4, 61, 24]"
179,"[52, 9, 13]"
180,"[60, 21, 4]"
181,"[46, 54, 52]"
182,"[42, 30, 31]"
183,"[62, 57, 19]"
184,"[52, 32, 61]"
185,"[52, 22, 63]"
186,"[62, 47, 57]"
187,"[62, 36, 14]"
188,"[5, 39, 48]"
189,"[52, 50, 45]"
190,"[62, 43, 21]"
191,"[62, 1, 37]"
192,"[7, 37, 3]"
193,"[52, 50, 45]"
194,"[5, 39, 47]"
195,"[62, 52, 62]"
196,"[12, 5, 58]"
197,"[62, 63, 50]"
198,"[16, 17, 1]"
199,"[5, 26, 63]"
200,"[41, 3, 60]"
201,"[1, 2, 24]"
202,"[10, 12, 34]"
203,"[62, 1, 16]"
204,"[62, 16, 42]"
205,"[41, 23, 8]"
206,"[60, 17, 29]"
207,"[26, 20, 51]"
208,"[62, 59, 56]"
209,"[38, 48, 39]"
210,"[52, 9, 34]"
211,"[19, 7, 49]"
212,"[28, 25, 46]"
213,"[52, 22, 45]"
214,"[52, 15, 54]"
215,"[62, 43, 19]"
216,"[62, 51, 44]"
217,"[62, 51, 15]"
218,"[51, 38, 27]"
219,"[62, 16, 15]"
220,"[62, 62, 23]"
221,"[62, 33, 40]"
222,"[62, 0, 44]"
223,"[62, 33, 40]"
224,"[1, 2, 27]"
225,"[51, 37, 39]"
226,"[38, 6, 36]"
227,"[12, 5, 7]"
228,"[19, 10, 58]"
229,"[25, 7, 25]"
230,"[63, 21, 47]"
231,"[63, 47, 57]"
232,"[1, 12, 7]"
233,"[52, 60, 17]"
234,"[62, 34, 62]"
235,"[63, 13, 9]"
236,"[45, 40, 39]"
237,"[1, 58, 16]"
238,"[62, 14, 50]"
239,"[9, 24, 8]"
240,"[62, 42, 13]"
241,"[62, 55, 19]"
242,"[52, 31, 23]"
243,"[0, 49, 53]"
244,"[33, 13, 28]"
245,"[51, 49, 35]"
246,"[1, 18, 50]"
247,"[62, 46, 32]"
248,"[8, 4, 9]"
249,"[52, 11, 6]"
250,"[52, 62, 11]"
251,"[62, 27, 31]"
252,"[62, 34, 46]"
253,"[62, 36, 41]"
254,"[62, 20, 10]"
255,"[52, 45, 18]"
256,"[62, 63, 57]"
257,"[38, 6, 47]"
258,"[9, 15, 57]"
259,"[5, 39, 41]"
260,"[5, 39, 12]"
261,"[16, 61, 28]"
262,"[0, 10, 6]"
263,"[58, 41, 3]"
264,"[22, 50, 28]"
265,"[19, 59, 50]"
266,"[22, 21, 58]"
267,"[58, 55, 3]"
268,"[61, 54, 49]"
269,"[52, 10, 34]"
270,"[62, 16, 19]"
271,"[52, 4, 39]"
272,"[62, 29, 57]"
273,"[1, 54, 11]"
274,"[62, 60, 3]"
275,"[62, 0, 7]"
276,"[38, 2, 53]"
277,"[61, 48, 53]"
278,"[52, 44, 47]"
279,"[2, 38, 63]"
280,"[0, 10, 6]"
281,"[21, 54, 36]"
282,"[62, 18, 50]"
283,"[1, 19, 21]"
284,"[62, 2, 15]"
285,"[62, 44, 13]"
286,"[62, 17, 38]"
287,"[62, 45, 42]"
288,"[21, 48, 53]"
289,"[12, 37, 40]"
290,"[22, 45, 33]"
291,"[62, 34, 62]"
292,"[62, 30, 46]"
293,"[62, 5, 21]"
294,"[51, 40, 4]"
295,"[52, 31, 17]"
296,"[51, 40, 4]"
297,"[51, 24, 56]"
298,"[52, 47, 5]"
299,"[51, 25, 48]"
300,"[51, 25, 1]"
301,"[52, 47, 32]"
302,"[60, 33, 29]"
303,"[52, 13, 39]"
304,"[62, 43, 56]"
305,"[9, 7, 25]"
306,"[62, 60, 11]"
307,"[1, 30, 11]"
308,"[45, 15, 24]"
309,"[12, 5, 51]"
310,"[36, 3, 62]"
311,"[62, 1, 37]"
312,"[52, 28, 13]"
313,"[17, 20, 16]"
314,"[62, 27, 12]"
315,"[9, 9, 58]"
316,"[19, 21, 2]"
317,"[19, 11, 20]"
318,"[7, 24, 23]"
319,"[40, 6, 52]"
320,"[22, 45, 51]"
321,"[52, 11, 47]"
322,"[5, 26, 63]"
323,"[52, 31, 48]"
324,"[60, 41, 49]"
325,"[58, 63, 40]"
326,"[62, 35, 31]"
327,"[62, 57, 59]"
328,"[62, 51, 44]"
329,"[9, 9, 51]"
330,"[52, 8, 10]"
331,"[52, 36, 10]"
332,"[32, 1, 45]"
333,"[9, 4, 54]"
334,"[22, 27, 30]"
335,"[62, 7, 60]"
336,"[62, 3, 60]"
337,"[41, 3, 35]"
338,"[52, 37, 17]"
339,"[62, 36, 25]"
340,"[24, 22, 55]"
341,"[62, 59, 2]"
342,"[1, 12, 7]"
343,"[62, 17, 38]"
344,"[3, 42, 43]"
345,"[19, 49, 30]"
346,"[62, 52, 34]"
347,"[17, 52, 52]"
348,"[52, 13, 39]"
349,"[62, 51, 63]"
350,"[52, 22, 23]"
351,"[59, 56, 1]"
352,"[1, 19, 41]"
353,"[62, 38, 14]"
354,"[52, 46, 35]"
355,"[62, 16, 34]"
356,"[49, 8, 43]"
357,"[12, 20, 27]"
358,"[52, 26, 31]"
359,"[62, 0, 22]"
360,"[25, 18, 0]"
361,"[52, 32, 61]"
362,"[33, 53, 5]"
363,"[1, 12, 16]"
364,"[62, 49, 22]"
365,"[49, 23, 59]"
366,"[62, 5, 8]"
367,"[63, 14, 18]"
368,"[52, 35, 61]"
369,"[52, 36, 25]"
370,"[39, 28, 26]"
371,"[1, 58, 37]"
372,"[62, 57, 32]"
373,"[49, 23, 26]"
374,"[28, 29, 29]"
375,"[62, 62, 0]"
376,"[62, 62, 27]"
377,"[60, 33, 12]"
378,"[8, 55, 9]"
379,"[7, 38, 42]"
380,"[28, 30, 46]"
381,"[62, 42, 24]"
382,"[9, 21, 9]"
383,"[52, 46, 8]"
384,"[52, 22, 51]"
385,"[62, 14, 41]"
386,"[41, 27, 30]"
387,"[19, 10, 50]"
388,"[16, 7, 1]"
389,"[63, 21, 59]"
390,"[62, 42, 57]"
391,"[62, 29, 32]"
392,"[1, 16, 19]"
393,"[21, 10, 39]"
394,"[9, 25, 9]"
395,"[52, 30, 31]"
396,"[62, 36, 25]"
397,"[52, 47, 41]"
398,"[53, 13, 29]"
399,"[31, 11, 38]"
400,"[1, 56, 33]"
401,"[52, 9, 46]"
402,"[1, 19, 21]"
403,"[31, 3, 58]"
404,"[26, 25, 35]"
405,"[62, 9, 13]"
406,"[17, 17, 39]"
407,"[1, 18, 21]"
408,"[63, 47, 4]"
409,"[2, 50, 18]"
410,"[22, 31, 28]"
411,"[23, 23, 38]"
412,"[0, 10, 6]"
413,"[22, 45, 8]"
414,"[62, 43, 39]"
415,"[62, 14, 41]"
416,"[9, 24, 48]"
417,"[5, 26, 20]"
418,"[23, 4, 55]"
419,"[9, 45, 12]"
420,"[35, 63, 20]"
421,"[62, 20, 27]"
422,"[5, 28, 23]"
423,"[52, 15, 52]"
424,"[35, 53, 5]"
425,"[10, 38, 48]"
426,"[58, 16, 45]"
427,"[62, 7, 60]"
428,"[60, 57, 10]"
429,"[62, 0, 7]"
430,"[0, 10, 6]"
431,"[5, 27, 40]"
432,"[1, 35, 15]"
433,"[62, 1, 37]"
434,"[27, 38, 59]"
435,"[7, 30, 46]"
436,"[62, 1, 7]"
437,"[52, 32, 61]"
438,"[12, 55, 3]"
439,"[1, 60, 2]"
440,"[12, 42, 42]"
441,"[5, 26, 63]"
442,"[62, 63, 15]"
443,"[46, 6, 52]"
444,"[22, 8, 53]"
445,"[33, 39, 50]"
446,"[62, 55, 62]"
447,"[8, 20, 51]"
448,"[62, 51, 22]"
449,"[62, 12, 8]"
450,"[33, 17, 28]"
451,"[46, 54, 51]"
452,"[5, 52, 10]"
453,"[52, 46, 18]"
454,"[8, 35, 26]"
455,"[8, 36, 26]"
456,"[62, 52, 34]"
457,"[27, 48, 59]"
458,"[62, 43, 24]"
459,"[46, 54, 9]"
460,"[12, 23, 16]"
461,"[52, 14, 31]"
462,"[22, 61, 44]"
463,"[5, 39, 12]"
464,"[5, 40, 40]"
465,"[1, 49, 33]"
466,"[1, 0, 23]"
467,"[41, 41, 55]"
468,"[22, 8, 43]"
469,"[62, 51, 44]"
470,"[38, 6, 47]"
471,"[52, 31, 1]"
472,"[1, 58, 32]"
473,"[4, 13, 30]"
474,"[62, 51, 63]"
475,"[62, 49, 37]"
476,"[49, 19, 42]"
477,"[60, 33, 27]"
478,"[26, 56, 11]"
479,"[26, 52, 36]"
480,"[26, 40, 11]"
481,"[26, 22, 36]"
482,"[9, 24, 47]"
483,"[52, 62, 0]"
484,"[52, 37, 17]"
485,"[61, 61, 19]"
486,"[8, 59, 17]"
487,"[29, 50, 49]"
488,"[62, 19, 45]"
489,"[62, 34, 22]"
490,"[1, 2, 14]"
491,"[9, 37, 39]"
492,"[33, 53, 5]"
493,"[62, 36, 25]"
494,"[62, 5, 14]"
495,"[62, 29, 56]"
496,"[62, 29, 56]"
497,"[29, 48, 49]"
498,"[9, 21, 54]"
499,"[4, 15, 54]"
500,"[9, 24, 34]"
501,"[62, 57, 57]"
502,"[62, 44, 62]"
503,"[62, 32, 34]"
504,"[12, 59, 3]"
505,"[62, 30, 50]"
506,"[1, 2, 58]"
507,"[13, 11, 29]"
508,"[62, 58, 14]"
509,"[22, 18, 30]"
510,"[60, 60, 2]"
511,"[7, 33, 4]"
512,"[51, 40, 5]"
513,"[16, 43, 27]"
514,"[7, 37, 45]"
515,"[52, 13, 15]"
516,"[62, 9, 46]"
517,"[25, 48, 25]"
518,"[5, 26, 40]"
519,"[60, 60, 23]"
520,"[62, 62, 37]"
521,"[62, 58, 60]"
522,"[62, 20, 35]"
523,"[62, 20, 63]"
524,"[51, 53, 43]"
525,"[52, 46, 36]"
526,"[62, 52, 45]"
527,"[52, 31, 36]"
528,"[62, 42, 15]"
529,"[26, 59, 51]"
530,"[52, 46, 25]"
531,"[62, 18, 22]"
532,"[63, 47, 12]"
533,"[63, 24, 47]"
534,"[27, 44, 22]"
535,"[22, 3, 23]"
536,"[12, 5, 38]"
537,"[19, 9, 57]"
538,"[62, 51, 44]"
539,"[58, 55, 18]"
540,"[62, 36, 14]"
541,"[62, 0, 42]"
542,"[62, 34, 62]"
543,"[62, 30, 13]"
544,"[16, 48, 57]"
545,"[62, 7, 60]"
546,"[63, 8, 12]"
547,"[63, 21, 9]"
548,"[17, 52, 32]"
549,"[62, 16, 33]"
550,"[62, 35, 10]"
551,"[1, 2, 6]"
552,"[58, 2, 43]"
553,"[33, 25, 47]"
554,"[33, 28, 5]"
555,"[1, 28, 3]"
556,"[61, 3, 19]"
557,"[5, 26, 49]"
558,"[4, 61, 48]"
559,"[62, 63, 42]"
560,"[62, 23, 31]"
561,"[62, 29, 37]"
562,"[59, 56, 1]"
563,"[62, 20, 25]"
564,"[62, 42, 2]"
565,"[45, 60, 31]"
566,"[62, 42, 2]"
567,"[16, 59, 28]"
568,"[22, 27, 30]"
569,"[62, 34, 21]"
570,"[62, 7, 22]"
571,"[1, 6, 13]"
572,"[62, 33, 62]"
573,"[51, 53, 56]"
574,"[62, 57, 34]"
575,"[3, 8, 38]"
576,"[52, 15, 52]"
577,"[24, 22, 55]"
578,"[5, 39, 48]"
579,"[42, 10, 53]"
580,"[1, 15, 52]"
581,"[4, 27, 40]"
582,"[16, 10, 55]"
583,"[10, 49, 49]"
584,"[10, 38, 34]"
585,"[10, 41, 9]"
586,"[58, 55, 18]"
587,"[16, 56, 26]"
588,"[7, 54, 59]"
589,"[12, 14, 27]"
590,"[14, 26, 29]"
591,"[62, 49, 0]"
592,"[42, 31, 11]"
593,"[35, 1, 58]"
594,"[15, 61, 4]"
595,"[22, 21, 30]"
596,"[1, 38, 16]"
597,"[48, 39, 58]"
598,"[35, 55, 24]"
599,"[62, 0, 42]"
600,"[42, 4, 16]"
601,"[62, 36, 14]"
602,"[52, 30, 62]"
603,"[8, 24, 51]"
604,"[1, 16, 6]"
605,"[8, 4, 26]"
606,"[62, 18, 50]"
607,"[5, 19, 29]"
608,"[22, 11, 6]"
609,"[52, 32, 41]"
610,"[42, 47, 11]"
611,"[58, 6, 52]"
612,"[32, 1, 1]"
613,"[62, 33, 15]"
614,"[52, 13, 46]"
615,"[52, 22, 39]"
616,"[62, 63, 44]"
617,"[52, 45, 8]"
618,"[42, 10, 53]"
619,"[42, 41, 54]"
620,"[62, 36, 7]"
621,"[42, 19, 4]"
622,"[42, 9, 61]"
623,"[48, 35, 61]"
624,"[1, 58, 60]"
625,"[52, 13, 17]"
626,"[41, 14, 41]"
627,"[42, 50, 17]"
628,"[15, 43, 20]"
629,"[41, 45, 8]"
630,"[53, 49, 50]"
631,"[29, 29, 44]"
632,"[57, 37, 39]"
633,"[51, 53, 5]"
634,"[49, 25, 59]"
635,"[62, 57, 14]"
636,"[42, 12, 55]"
637,"[62, 62, 32]"
638,"[42, 17, 28]"
639,"[42, 50, 54]"
640,"[53, 13, 19]"
641,"[53, 52, 29]"
642,"[63, 27, 30]"
643,"[24, 12, 25]"
644,"[17, 17, 1]"
645,"[26, 60, 11]"
646,"[32, 1, 56]"
647,"[19, 10, 34]"
648,"[19, 10, 50]"
649,"[9, 45, 9]"
650,"[1, 29, 16]"
651,"[52, 13, 54]"
652,"[52, 4, 6]"
653,"[17, 51, 10]"
654,"[31, 37, 58]"
655,"[31, 3, 39]"
656,"[17, 17, 48]"
657,"[31, 14, 58]"
658,"[31, 3, 32]"
659,"[52, 22, 12]"
660,"[27, 44, 6]"
661,"[62, 63, 44]"
662,"[52, 15, 54]"
663,"[62, 48, 23]"
664,"[62, 58, 28]"
665,"[5, 60, 3]"
666,"[62, 43, 37]"
667,"[49, 26, 42]"
668,"[62, 63, 8]"
669,"[62, 57, 8]"
670,"[0, 62, 45]"
671,"[49, 28, 52]"
672,"[49, 11, 60]"
673,"[52, 15, 54]"
674,"[62, 62, 30]"
675,"[38, 57, 38]"
676,"[1, 18, 21]"
677,"[5, 39, 9]"
678,"[62, 58, 60]"
679,"[21, 10, 53]"
680,"[26, 59, 59]"
681,"[7, 4, 49]"
682,"[49, 52, 2]"
683,"[62, 36, 7]"
684,"[23, 41, 55]"
685,"[16, 29, 29]"
686,"[52, 32, 61]"
687,"[33, 21, 47]"
688,"[9, 56, 31]"
689,"[7, 30, 46]"
690,"[10, 49, 36]"
691,"[9, 8, 37]"
692,"[62, 33, 19]"
693,"[0, 49, 45]"
694,"[62, 44, 19]"
695,"[62, 58, 28]"
696,"[62, 43, 56]"
697,"[49, 6, 42]"
698,"[7, 56, 20]"
699,"[27, 24, 57]"
700,"[22, 41, 47]"
701,"[13, 38, 26]"
702,"[49, 40, 40]"
703,"[62, 27, 31]"
704,"[62, 0, 13]"
705,"[52, 40, 17]"
706,"[9, 37, 35]"
707,"[52, 30, 13]"
708,"[62, 51, 44]"
709,"[38, 48, 53]"
710,"[62, 38, 32]"
711,"[8, 39, 12]"
712,"[52, 16, 31]"
713,"[62, 63, 22]"
714,"[20, 31, 2]"
715,"[27, 24, 22]"
716,"[1, 2, 46]"
717,"[9, 45, 40]"
718,"[7, 33, 4]"
719,"[62, 36, 25]"
720,"[4, 47, 10]"
721,"[8, 9, 55]"
722,"[42, 23, 33]"
723,"[1, 55, 56]"
724,"[4, 61, 35]"
725,"[42, 23, 33]"
726,"[40, 6, 52]"
727,"[1, 5, 21]"
728,"[1, 2, 4]"
729,"[52, 8, 43]"
730,"[62, 19, 41]"
731,"[62, 20, 11]"
732,"[52, 35, 61]"
733,"[22, 19, 41]"
734,"[62, 20, 63]"
735,"[33, 53, 39]"
736,"[62, 20, 63]"
737,"[48, 7, 27]"
738,"[4, 50, 24]"
739,"[0, 10, 62]"
740,"[4, 61, 24]"
741,"[4, 54, 26]"
742,"[4, 54, 26]"
743,"[1, 42, 16]"
744,"[52, 47, 5]"
745,"[19, 11, 20]"
746,"[62, 9, 10]"
747,"[62, 42, 23]"
748,"[27, 50, 12]"
749,"[7, 41, 45]"
750,"[1, 22, 57]"
751,"[62, 5, 14]"
752,"[13, 21, 23]"
753,"[42, 23, 33]"
754,"[42, 25, 15]"
755,"[38, 7, 62]"
756,"[63, 32, 5]"
757,"[22, 18, 63]"
758,"[62, 34, 0]"
759,"[40, 16, 48]"
760,"[58, 55, 18]"
761,"[52, 46, 47]"
762,"[5, 26, 49]"
763,"[26, 59, 59]"
764,"[62, 36, 7]"
765,"[52, 28, 36]"
766,"[32, 1, 27]"
767,"[33, 53, 51]"
768,"[16, 22, 44]"
769,"[12, 5, 21]"
770,"[62, 59, 16]"
771,"[62, 10, 43]"
772,"[36, 42, 16]"
773,"[62, 35, 33]"
774,"[3, 42, 3]"
775,"[52, 32, 39]"
776,"[62, 33, 13]"
777,"[8, 31, 11]"
778,"[1, 55, 56]"
779,"[48, 60, 2]"
780,"[22, 19, 6]"
781,"[52, 11, 61]"
782,"[62, 2, 22]"
783,"[19, 15, 20]"
784,"[17, 19, 17]"
785,"[1, 10, 56]"
786,"[62, 27, 47]"
787,"[33, 13, 38]"
788,"[62, 27, 40]"
789,"[10, 27, 31]"
790,"[61, 40, 19]"
791,"[13, 38, 4]"
792,"[51, 53, 47]"
793,"[9, 13, 9]"
794,"[51, 53, 5]"
795,"[12, 38, 49]"
796,"[27, 4, 39]"
797,"[33, 40, 5]"
798,"[62, 49, 0]"
799,"[0, 8, 53]"
800,"[9, 24, 45]"
801,"[42, 23, 63]"
802,"[62, 20, 1]"
803,"[62, 30, 51]"
804,"[52, 9, 13]"
805,"[1, 18, 50]"
806,"[1, 12, 7]"
807,"[52, 9, 34]"
808,"[26, 3, 50]"
809,"[62, 36, 15]"
810,"[60, 41, 48]"
811,"[62, 52, 46]"
812,"[52, 46, 32]"
813,"[22, 50, 28]"
814,"[38, 6, 36]"
815,"[61, 2, 22]"
816,"[40, 6, 30]"
817,"[62, 7, 60]"
818,"[62, 1, 37]"
819,"[62, 43, 24]"
820,"[62, 62, 10]"
821,"[40, 4, 52]"
822,"[49, 23, 59]"
823,"[62, 47, 57]"
824,"[62, 29, 15]"
825,"[9, 45, 35]"
826,"[27, 48, 18]"
827,"[49, 23, 38]"
828,"[60, 60, 2]"
829,"[49, 28, 58]"
830,"[52, 31, 36]"
831,"[46, 54, 6]"
832,"[62, 1, 37]"
833,"[62, 20, 21]"
834,"[4, 61, 26]"
835,"[62, 62, 0]"
836,"[19, 48, 13]"
837,"[19, 44, 49]"
838,"[12, 37, 3]"
839,"[62, 51, 44]"
840,"[26, 25, 28]"
841,"[5, 26, 17]"
842,"[1, 58, 33]"
843,"[62, 63, 44]"
844,"[17, 14, 26]"
845,"[62, 0, 33]"
846,"[9, 45, 40]"
847,"[62, 36, 15]"
848,"[19, 21, 27]"
849,"[62, 57, 10]"
850,"[19, 16, 53]"
851,"[58, 55, 4]"
852,"[9, 18, 63]"
853,"[42, 17, 54]"
854,"[21, 10, 48]"
855,"[51, 63, 1]"
856,"[49, 54, 55]"
857,"[26, 59, 59]"
858,"[42, 56, 31]"
859,"[61, 38, 60]"
860,"[41, 41, 8]"
861,"[12, 17, 57]"
862,"[62, 0, 7]"
863,"[52, 47, 41]"
864,"[19, 35, 29]"
865,"[22, 50, 61]"
866,"[59, 32, 52]"
867,"[62, 34, 62]"
868,"[9, 7, 54]"
869,"[52, 46, 18]"
870,"[17, 33, 23]"
871,"[62, 28, 3]"
872,"[62, 37, 9]"
873,"[12, 5, 55]"
874,"[52, 49, 35]"
875,"[62, 61, 46]"
876,"[61, 39, 19]"
877,"[5, 39, 12]"
878,"[26, 3, 28]"
879,"[8, 24, 10]"
880,"[22, 21, 4]"
881,"[62, 52, 34]"
882,"[62, 8, 43]"
883,"[10, 29, 49]"
884,"[36, 15, 12]"
885,"[62, 0, 8]"
886,"[62, 14, 32]"
887,"[62, 2, 23]"
888,"[62, 28, 11]"
889,"[62, 58, 62]"
890,"[25, 26, 25]"
891,"[22, 50, 30]"
892,"[28, 30, 46]"
893,"[62, 20, 27]"
894,"[62, 20, 42]"
895,"[62, 56, 14]"
896,"[62, 49, 37]"
897,"[9, 13, 54]"
898,"[60, 60, 23]"
899,"[1, 19, 33]"
900,"[19, 21, 26]"
901,"[46, 54, 6]"
902,"[52, 8, 43]"
903,"[27, 24, 58]"
904,"[62, 9, 51]"
905,"[40, 6, 52]"
906,"[19, 11, 50]"
907,"[14, 14, 41]"
908,"[1, 58, 53]"
909,"[62, 63, 22]"
910,"[62, 9, 46]"
911,"[60, 60, 2]"
912,"[52, 32, 54]"
913,"[1, 18, 16]"
914,"[52, 28, 36]"
915,"[42, 42, 15]"
916,"[62, 58, 42]"
917,"[45, 40, 39]"
918,"[8, 29, 29]"
919,"[52, 31, 11]"
920,"[52, 31, 36]"
921,"[62, 61, 55]"
922,"[48, 42, 58]"
923,"[1, 12, 19]"
924,"[62, 44, 62]"
925,"[16, 43, 48]"
926,"[62, 61, 20]"
927,"[61, 52, 11]"
928,"[19, 39, 50]"
929,"[62, 59, 10]"
930,"[62, 57, 19]"
931,"[59, 41, 18]"
932,"[22, 19, 42]"
933,"[52, 44, 45]"
934,"[63, 33, 40]"
935,"[12, 17, 61]"
936,"[41, 15, 55]"
937,"[8, 4, 24]"
938,"[63, 24, 59]"
939,"[53, 38, 8]"
940,"[1, 51, 10]"
941,"[25, 38, 48]"
942,"[31, 3, 39]"
943,"[62, 20, 57]"
944,"[57, 39, 60]"
945,"[57, 45, 13]"
946,"[62, 20, 63]"
947,"[26, 6, 34]"
948,"[42, 25, 15]"
949,"[26, 25, 28]"
950,"[57, 2, 35]"
951,"[28, 28, 37]"
952,"[41, 4, 26]"
953,"[51, 8, 43]"
954,"[52, 22, 45]"
955,"[21, 29, 30]"
956,"[59, 56, 27]"
957,"[62, 1, 19]"
958,"[62, 33, 34]"
959,"[33, 2, 22]"
960,"[39, 18, 41]"
961,"[5, 26, 49]"
962,"[52, 35, 10]"
963,"[7, 13, 4]"
964,"[26, 32, 46]"
965,"[52, 47, 5]"
966,"[7, 4, 49]"
967,"[19, 59, 35]"
968,"[62, 62, 53]"
969,"[19, 21, 27]"
970,"[62, 55, 9]"
971,"[62, 51, 44]"
972,"[42, 30, 38]"
973,"[53, 50, 12]"
974,"[62, 46, 16]"
975,"[58, 56, 1]"
976,"[52, 10, 52]"
977,"[62, 36, 25]"
978,"[58, 55, 4]"
979,"[52, 3, 11]"
980,"[58, 41, 40]"
981,"[49, 23, 60]"
982,"[13, 38, 29]"
983,"[62, 51, 56]"
984,"[52, 35, 50]"
985,"[62, 16, 62]"
986,"[9, 24, 63]"
987,"[42, 30, 13]"
988,"[62, 49, 0]"
989,"[52, 30, 38]"
990,"[49, 23, 59]"
991,"[58, 26, 6]"
992,"[52, 9, 46]"
993,"[48, 34, 47]"
994,"[62, 5, 21]"
995,"[52, 10, 17]"
996,"[26, 48, 51]"
997,"[62, 52, 32]"
998,"[62, 5, 21]"
999,"[62, 0, 7]"
1000,"[51, 40, 56]"
1001,"[51, 32, 1]"
1002,"[0, 62, 45]"
1003,"[42, 27, 33]"
1004,"[62, 63, 42]"
1005,"[25, 18, 25]"
1006,"[15, 43, 31]"
1007,"[1, 12, 17]"
1008,"[22, 60, 23]"
1009,"[46, 54, 9]"
1010,"[17, 17, 28]"
1011,"[57, 37, 51]"
1012,"[40, 7, 44]"
1013,"[62, 37, 8]"
1014,"[26, 27, 30]"
1015,"[38, 11, 5]"
1016,"[12, 14, 3]"
1017,"[51, 53, 12]"
1018,"[25, 53, 25]"
1019,"[60, 22, 61]"
1020,"[62, 36, 7]"
1021,"[62, 1, 14]"
1022,"[1, 0, 33]"
1023,"[52, 47, 31]"
1024,"[4, 13, 46]"
1025,"[62, 1, 21]"
1026,"[52, 32, 54]"
1027,"[1, 56, 33]"
1028,"[62, 8, 43]"
1029,"[1, 58, 63]"
1030,"[1, 10, 50]"
1031,"[52, 9, 46]"
1032,"[27, 24, 58]"
1033,"[21, 10, 39]"
1034,"[62, 62, 0]"
1035,"[62, 51, 44]"
1036,"[40, 4, 52]"
1037,"[52, 44, 26]"
1038,"[62, 58, 62]"
1039,"[62, 16, 33]"
1040,"[22, 21, 53]"
1041,"[21, 48, 11]"
1042,"[27, 50, 48]"
1043,"[52, 26, 31]"
1044,"[1, 8, 43]"
1045,"[4, 61, 29]"
1046,"[51, 17, 1]"
1047,"[5, 39, 47]"
1048,"[58, 37, 4]"
1049,"[19, 59, 4]"
1050,"[52, 30, 53]"
1051,"[62, 34, 60]"
1052,"[58, 56, 16]"
1053,"[58, 35, 25]"
1054,"[33, 23, 59]"
1055,"[62, 63, 57]"
1056,"[62, 33, 17]"
1057,"[20, 31, 2]"
1058,"[51, 25, 61]"
1059,"[48, 3, 27]"
1060,"[62, 60, 23]"
1061,"[51, 38, 44]"
1062,"[62, 49, 37]"
1063,"[52, 25, 61]"
1064,"[26, 19, 28]"
1065,"[19, 11, 49]"
1066,"[52, 45, 18]"
1067,"[52, 30, 31]"
1068,"[62, 20, 51]"
1069,"[52, 30, 13]"
1070,"[15, 35, 38]"
1071,"[15, 53, 10]"
1072,"[15, 19, 16]"
1073,"[10, 29, 25]"
1074,"[52, 22, 27]"
1075,"[57, 14, 32]"
1076,"[62, 42, 47]"
1077,"[49, 28, 38]"
1078,"[12, 55, 3]"
1079,"[24, 40, 61]"
1080,"[21, 54, 60]"
1081,"[52, 46, 35]"
1082,"[16, 38, 1]"
1083,"[62, 63, 8]"
1084,"[52, 13, 54]"
1085,"[22, 56, 59]"
1086,"[42, 22, 13]"
1087,"[12, 52, 39]"
1088,"[62, 23, 42]"
1089,"[1, 59, 37]"
1090,"[21, 10, 4]"
1091,"[28, 29, 62]"
1092,"[62, 9, 51]"
1093,"[12, 49, 48]"
1094,"[27, 27, 30]"
1095,"[26, 20, 28]"
1096,"[27, 44, 52]"
1097,"[62, 57, 34]"
1098,"[62, 0, 8]"
1099,"[42, 63, 42]"
1100,"[58, 6, 28]"
1101,"[41, 14, 27]"
1102,"[62, 41, 54]"
1103,"[62, 36, 14]"
1104,"[52, 28, 18]"
1105,"[46, 54, 9]"
1106,"[62, 40, 3]"
1107,"[62, 36, 7]"
1108,"[62, 43, 34]"
1109,"[62, 16, 22]"
1110,"[53, 11, 12]"
1111,"[14, 39, 41]"
1112,"[1, 12, 25]"
1113,"[9, 24, 40]"
1114,"[9, 45, 40]"
1115,"[52, 47, 5]"
1116,"[52, 47, 5]"
1117,"[1, 37, 11]"
1118,"[7, 31, 45]"
1119,"[62, 51, 57]"
1120,"[29, 4, 58]"
1121,"[62, 52, 41]"
1122,"[2, 5, 9]"
1123,"[62, 55, 56]"
1124,"[62, 1, 14]"
1125,"[1, 7, 60]"
1126,"[53, 41, 49]"
1127,"[1, 12, 7]"
1128,"[62, 0, 42]"
1129,"[62, 34, 15]"
1130,"[60, 34, 33]"
1131,"[13, 15, 29]"
1132,"[52, 28, 17]"
1133,"[63, 33, 55]"
1134,"[62, 5, 21]"
1135,"[1, 2, 24]"
1136,"[52, 32, 6]"
1137,"[42, 46, 11]"
1138,"[1, 6, 15]"
1139,"[57, 14, 32]"
1140,"[42, 22, 13]"
1141,"[60, 60, 2]"
1142,"[62, 42, 34]"
1143,"[2, 48, 47]"
1144,"[19, 1, 26]"
1145,"[62, 53, 20]"
1146,"[53, 15, 24]"
1147,"[5, 26, 49]"
1148,"[26, 60, 23]"
1149,"[15, 27, 19]"
1150,"[15, 43, 12]"
1151,"[0, 62, 3]"
1152,"[62, 38, 34]"
1153,"[26, 59, 59]"
1154,"[62, 43, 24]"
1155,"[46, 54, 9]"
1156,"[46, 3, 52]"
1157,"[59, 41, 27]"
1158,"[62, 0, 42]"
1159,"[28, 29, 29]"
1160,"[62, 42, 3]"
1161,"[49, 30, 13]"
1162,"[26, 60, 11]"
1163,"[62, 46, 37]"
1164,"[62, 49, 0]"
1165,"[38, 7, 22]"
1166,"[8, 24, 1]"
1167,"[26, 16, 52]"
1168,"[62, 33, 14]"
1169,"[17, 52, 45]"
1170,"[8, 39, 12]"
1171,"[9, 24, 45]"
1172,"[62, 5, 8]"
1173,"[62, 55, 56]"
1174,"[62, 1, 16]"
1175,"[1, 46, 40]"
1176,"[52, 11, 36]"
1177,"[52, 21, 54]"
1178,"[63, 21, 49]"
1179,"[52, 35, 10]"
1180,"[1, 12, 10]"
1181,"[52, 6, 11]"
1182,"[62, 14, 14]"
1183,"[60, 37, 35]"
1184,"[19, 19, 20]"
1185,"[8, 45, 55]"
1186,"[26, 6, 53]"
1187,"[0, 52, 42]"
1188,"[1, 58, 37]"
1189,"[52, 62, 51]"
1190,"[52, 28, 36]"
1191,"[62, 5, 21]"
1192,"[60, 37, 46]"
1193,"[62, 59, 32]"
1194,"[13, 53, 29]"
1195,"[52, 15, 23]"
1196,"[62, 58, 41]"
1197,"[62, 0, 22]"
1198,"[62, 51, 63]"
1199,"[62, 35, 32]"
1200,"[62, 30, 38]"
1201,"[62, 63, 43]"
1202,"[23, 28, 38]"
1203,"[27, 49, 21]"
1204,"[62, 34, 62]"
1205,"[2, 53, 48]"
1206,"[62, 56, 39]"
1207,"[52, 22, 45]"
1208,"[63, 3, 28]"
1209,"[21, 10, 55]"
1210,"[52, 4, 6]"
1211,"[42, 43, 42]"
1212,"[62, 20, 51]"
1213,"[26, 6, 13]"
1214,"[52, 15, 23]"
1215,"[5, 11, 17]"
1216,"[62, 44, 19]"
1217,"[62, 5, 8]"
1218,"[42, 50, 61]"
1219,"[28, 9, 46]"
1220,"[62, 63, 43]"
1221,"[52, 31, 36]"
1222,"[1, 7, 60]"
1223,"[2, 2, 26]"
1224,"[62, 5, 14]"
1225,"[13, 61, 27]"
1226,"[42, 22, 41]"
1227,"[62, 38, 26]"
1228,"[62, 36, 7]"
1229,"[62, 57, 57]"
1230,"[52, 41, 6]"
1231,"[48, 6, 35]"
1232,"[1, 10, 25]"
1233,"[52, 4, 6]"
1234,"[52, 4, 4]"
1235,"[52, 32, 4]"
1236,"[52, 31, 1]"
1237,"[9, 8, 9]"
1238,"[62, 29, 63]"
1239,"[57, 14, 2]"
1240,"[1, 18, 33]"
1241,"[58, 55, 50]"
1242,"[10, 27, 31]"
1243,"[62, 58, 22]"
1244,"[62, 27, 47]"
1245,"[62, 27, 47]"
1246,"[62, 27, 31]"
1247,"[9, 26, 31]"
1248,"[62, 47, 5]"
1249,"[45, 9, 58]"
1250,"[49, 23, 59]"
1251,"[52, 32, 4]"
1252,"[5, 51, 12]"
1253,"[52, 4, 6]"
1254,"[62, 33, 14]"
1255,"[62, 38, 57]"
1256,"[62, 56, 33]"
1257,"[62, 60, 0]"
1258,"[52, 13, 54]"
1259,"[52, 23, 28]"
1260,"[61, 48, 19]"
1261,"[7, 17, 49]"
1262,"[62, 34, 15]"
1263,"[1, 12, 16]"
1264,"[62, 36, 7]"
1265,"[52, 47, 5]"
1266,"[52, 25, 15]"
1267,"[4, 50, 61]"
1268,"[13, 17, 30]"
1269,"[25, 39, 25]"
1270,"[38, 48, 53]"
1271,"[4, 61, 48]"
1272,"[9, 19, 58]"
1273,"[49, 25, 44]"
1274,"[12, 8, 51]"
1275,"[62, 42, 34]"
1276,"[46, 54, 44]"
1277,"[45, 40, 16]"
1278,"[61, 26, 49]"
1279,"[1, 18, 50]"
1280,"[62, 57, 59]"
1281,"[62, 0, 8]"
1282,"[19, 13, 20]"
1283,"[62, 33, 29]"
1284,"[62, 1, 37]"
1285,"[5, 39, 36]"
1286,"[26, 46, 40]"
1287,"[19, 41, 27]"
1288,"[25, 48, 25]"
1289,"[1, 52, 10]"
1290,"[42, 25, 61]"
1291,"[42, 25, 61]"
1292,"[62, 61, 20]"
1293,"[4, 23, 57]"
1294,"[10, 29, 2]"
1295,"[60, 9, 3]"
1296,"[21, 10, 39]"
1297,"[22, 27, 30]"
1298,"[52, 10, 45]"
1299,"[62, 62, 53]"
1300,"[63, 58, 42]"
1301,"[62, 47, 15]"
1302,"[15, 61, 55]"
1303,"[48, 23, 31]"
1304,"[62, 20, 58]"
1305,"[62, 32, 21]"
1306,"[52, 62, 18]"
1307,"[1, 12, 25]"
1308,"[62, 33, 14]"
1309,"[62, 63, 17]"
1310,"[51, 40, 41]"
1311,"[9, 18, 63]"
1312,"[52, 28, 46]"
1313,"[8, 4, 26]"
1314,"[53, 55, 37]"
1315,"[62, 0, 37]"
1316,"[40, 4, 52]"
1317,"[61, 44, 38]"
1318,"[49, 28, 38]"
1319,"[17, 17, 48]"
1320,"[38, 6, 36]"
1321,"[19, 56, 51]"
1322,"[23, 29, 46]"
1323,"[20, 31, 2]"
1324,"[49, 37, 42]"
1325,"[12, 5, 9]"
1326,"[46, 54, 36]"
1327,"[52, 44, 3]"
1328,"[26, 20, 10]"
1329,"[41, 60, 11]"
1330,"[4, 61, 60]"
1331,"[62, 51, 44]"
1332,"[57, 14, 32]"
1333,"[62, 18, 22]"
1334,"[62, 43, 24]"
1335,"[48, 42, 14]"
1336,"[52, 10, 18]"
1337,"[19, 50, 20]"
1338,"[53, 38, 12]"
1339,"[62, 27, 33]"
1340,"[60, 0, 26]"
1341,"[60, 9, 45]"
1342,"[52, 10, 18]"
1343,"[51, 24, 1]"
1344,"[7, 60, 23]"
1345,"[40, 17, 52]"
1346,"[22, 8, 43]"
1347,"[62, 59, 32]"
1348,"[53, 23, 49]"
1349,"[53, 38, 12]"
1350,"[21, 22, 53]"
1351,"[53, 40, 44]"
1352,"[13, 54, 4]"
1353,"[27, 11, 6]"
1354,"[20, 35, 10]"
1355,"[62, 43, 24]"
1356,"[3, 21, 33]"
1357,"[48, 39, 31]"
1358,"[62, 1, 13]"
1359,"[22, 50, 58]"
1360,"[63, 13, 47]"
1361,"[62, 52, 34]"
1362,"[5, 26, 49]"
1363,"[52, 3, 17]"
1364,"[62, 31, 23]"
1365,"[62, 36, 7]"
1366,"[8, 45, 47]"
1367,"[42, 30, 31]"
1368,"[1, 7, 60]"
1369,"[59, 41, 28]"
1370,"[62, 63, 50]"
1371,"[1, 12, 7]"
1372,"[19, 7, 48]"
1373,"[62, 5, 8]"
1374,"[58, 35, 40]"
1375,"[26, 15, 50]"
1376,"[5, 26, 49]"
1377,"[61, 53, 55]"
1378,"[46, 6, 26]"
1379,"[22, 8, 43]"
1380,"[62, 49, 0]"
1381,"[62, 36, 7]"
1382,"[62, 2, 34]"
1383,"[1, 2, 56]"
1384,"[51, 37, 1]"
1385,"[62, 58, 60]"
1386,"[62, 47, 29]"
1387,"[22, 24, 4]"
1388,"[62, 49, 30]"
1389,"[62, 42, 13]"
1390,"[51, 14, 9]"
1391,"[62, 57, 59]"
1392,"[25, 3, 6]"
1393,"[58, 56, 16]"
1394,"[1, 55, 24]"
1395,"[52, 15, 17]"
1396,"[52, 32, 54]"
1397,"[62, 34, 23]"
1398,"[61, 30, 19]"
1399,"[38, 48, 5]"
1400,"[22, 22, 28]"
1401,"[42, 19, 5]"
1402,"[42, 19, 41]"
1403,"[52, 11, 6]"
1404,"[26, 59, 51]"
1405,"[62, 37, 35]"
1406,"[21, 16, 62]"
1407,"[62, 44, 63]"
1408,"[52, 62, 54]"
1409,"[21, 24, 60]"
1410,"[33, 13, 28]"
1411,"[52, 30, 13]"
1412,"[33, 13, 50]"
1413,"[8, 39, 12]"
1414,"[26, 20, 5]"
1415,"[8, 1, 8]"
1416,"[62, 35, 21]"
1417,"[62, 62, 0]"
1418,"[21, 10, 53]"
1419,"[5, 26, 20]"
1420,"[52, 32, 23]"
1421,"[10, 24, 34]"
1422,"[10, 15, 9]"
1423,"[49, 25, 59]"
1424,"[48, 60, 51]"
1425,"[62, 0, 31]"
1426,"[46, 54, 8]"
1427,"[52, 9, 43]"
1428,"[62, 34, 62]"
1429,"[62, 61, 30]"
1430,"[60, 60, 23]"
1431,"[52, 59, 10]"
1432,"[26, 52, 11]"
1433,"[62, 46, 32]"
1434,"[7, 37, 3]"
1435,"[62, 63, 57]"
1436,"[24, 22, 45]"
1437,"[1, 12, 17]"
1438,"[62, 7, 17]"
1439,"[20, 31, 2]"
1440,"[62, 57, 16]"
1441,"[62, 59, 5]"
1442,"[53, 23, 37]"
1443,"[62, 33, 27]"
1444,"[62, 18, 63]"
1445,"[27, 48, 24]"
1446,"[28, 28, 30]"
1447,"[24, 22, 45]"
1448,"[52, 11, 23]"
1449,"[28, 29, 21]"
1450,"[49, 42, 42]"
1451,"[3, 8, 15]"
1452,"[41, 38, 41]"
1453,"[62, 36, 7]"
1454,"[12, 5, 48]"
1455,"[7, 39, 8]"
1456,"[62, 7, 60]"
1457,"[58, 55, 6]"
1458,"[62, 52, 48]"
1459,"[51, 48, 1]"
1460,"[62, 37, 21]"
1461,"[62, 51, 24]"
1462,"[52, 28, 13]"
1463,"[13, 54, 26]"
1464,"[52, 46, 18]"
1465,"[62, 14, 43]"
1466,"[58, 2, 40]"
1467,"[15, 43, 29]"
1468,"[1, 58, 11]"
1469,"[60, 60, 51]"
1470,"[52, 42, 27]"
1471,"[45, 53, 1]"
1472,"[62, 0, 56]"
1473,"[7, 4, 12]"
1474,"[7, 4, 49]"
1475,"[1, 18, 50]"
1476,"[42, 50, 61]"
1477,"[62, 51, 44]"
1478,"[3, 21, 33]"
1479,"[3, 21, 38]"
1480,"[3, 45, 54]"
1481,"[52, 6, 6]"
1482,"[62, 6, 63]"
1483,"[52, 47, 5]"
1484,"[46, 6, 36]"
1485,"[41, 14, 27]"
1486,"[29, 15, 52]"
1487,"[62, 16, 33]"
1488,"[62, 17, 43]"
1489,"[26, 19, 35]"
1490,"[62, 56, 14]"
1491,"[42, 27, 31]"
1492,"[42, 32, 12]"
1493,"[23, 23, 38]"
1494,"[57, 3, 47]"
1495,"[20, 31, 2]"
1496,"[38, 6, 52]"
1497,"[19, 44, 27]"
1498,"[52, 20, 46]"
1499,"[26, 56, 36]"
1500,"[59, 26, 49]"
1501,"[57, 16, 59]"
1502,"[62, 56, 39]"
1503,"[62, 17, 53]"
1504,"[52, 9, 46]"
1505,"[57, 45, 35]"
1506,"[22, 10, 28]"
1507,"[22, 1, 18]"
1508,"[13, 19, 29]"
1509,"[62, 55, 56]"
1510,"[62, 43, 34]"
1511,"[1, 58, 37]"
1512,"[62, 27, 32]"
1513,"[10, 38, 25]"
1514,"[28, 4, 4]"
1515,"[52, 47, 41]"
1516,"[62, 36, 22]"
1517,"[62, 57, 15]"
1518,"[20, 31, 58]"
1519,"[1, 2, 16]"
1520,"[23, 3, 55]"
1521,"[62, 0, 14]"
1522,"[21, 41, 25]"
1523,"[60, 11, 10]"
1524,"[42, 50, 61]"
1525,"[63, 40, 42]"
1526,"[8, 11, 58]"
1527,"[62, 51, 39]"
1528,"[23, 29, 7]"
1529,"[62, 33, 8]"
1530,"[57, 63, 43]"
1531,"[0, 8, 62]"
1532,"[63, 53, 55]"
1533,"[62, 44, 19]"
1534,"[62, 34, 48]"
1535,"[10, 35, 9]"
1536,"[62, 0, 14]"
1537,"[52, 15, 54]"
1538,"[52, 11, 11]"
1539,"[61, 53, 57]"
1540,"[52, 10, 52]"
1541,"[62, 36, 44]"
1542,"[62, 8, 41]"
1543,"[62, 20, 63]"
1544,"[8, 24, 46]"
1545,"[32, 1, 45]"
1546,"[10, 4, 49]"
1547,"[62, 27, 31]"
1548,"[52, 15, 54]"
1549,"[53, 50, 16]"
1550,"[8, 9, 26]"
1551,"[5, 26, 40]"
1552,"[16, 38, 58]"
1553,"[62, 61, 48]"
1554,"[28, 53, 38]"
1555,"[62, 19, 51]"
1556,"[0, 10, 6]"
1557,"[62, 49, 0]"
1558,"[52, 46, 38]"
1559,"[8, 35, 20]"
1560,"[62, 0, 44]"
1561,"[62, 34, 23]"
1562,"[27, 3, 63]"
1563,"[62, 60, 24]"
1564,"[8, 35, 12]"
1565,"[62, 62, 37]"
1566,"[8, 4, 51]"
1567,"[61, 48, 53]"
1568,"[62, 7, 60]"
1569,"[62, 36, 25]"
1570,"[62, 8, 43]"
1571,"[58, 6, 40]"
1572,"[62, 32, 63]"
1573,"[62, 44, 13]"
1574,"[26, 20, 51]"
1575,"[62, 49, 0]"
1576,"[13, 50, 29]"
1577,"[8, 45, 10]"
1578,"[62, 14, 61]"
1579,"[5, 39, 12]"
1580,"[12, 56, 27]"
1581,"[52, 28, 52]"
1582,"[52, 47, 17]"
1583,"[16, 59, 26]"
1584,"[24, 40, 42]"
1585,"[2, 29, 53]"
1586,"[49, 23, 50]"
1587,"[62, 41, 4]"
1588,"[49, 19, 59]"
1589,"[57, 16, 62]"
1590,"[8, 15, 18]"
1591,"[61, 7, 5]"
1592,"[19, 59, 58]"
1593,"[8, 45, 10]"
1594,"[52, 62, 35]"
1595,"[62, 58, 42]"
1596,"[52, 28, 36]"
1597,"[16, 39, 48]"
1598,"[61, 40, 7]"
1599,"[62, 43, 34]"
1600,"[10, 38, 34]"
1601,"[62, 57, 19]"
1602,"[62, 63, 44]"
1603,"[5, 42, 49]"
1604,"[62, 25, 39]"
1605,"[52, 28, 30]"
1606,"[45, 21, 56]"
1607,"[62, 63, 44]"
1608,"[45, 34, 49]"
1609,"[61, 48, 33]"
1610,"[59, 56, 1]"
1611,"[58, 41, 3]"
1612,"[1, 12, 25]"
1613,"[1, 58, 37]"
1614,"[13, 17, 29]"
1615,"[62, 52, 21]"
1616,"[8, 13, 39]"
1617,"[32, 1, 1]"
1618,"[62, 63, 43]"
1619,"[60, 25, 31]"
1620,"[52, 30, 58]"
1621,"[62, 44, 8]"
1622,"[52, 8, 35]"
1623,"[20, 31, 2]"
1624,"[9, 24, 22]"
1625,"[62, 0, 7]"
1626,"[62, 12, 57]"
1627,"[8, 9, 20]"
1628,"[13, 33, 16]"
1629,"[62, 55, 56]"
1630,"[62, 14, 61]"
1631,"[12, 5, 21]"
1632,"[49, 28, 38]"
1633,"[15, 43, 2]"
1634,"[52, 22, 9]"
1635,"[62, 63, 13]"
1636,"[7, 60, 23]"
1637,"[62, 55, 24]"
1638,"[46, 54, 36]"
1639,"[1, 12, 16]"
1640,"[62, 18, 50]"
1641,"[62, 27, 15]"
1642,"[57, 3, 18]"
1643,"[62, 57, 32]"
1644,"[52, 31, 61]"
1645,"[14, 26, 55]"
1646,"[62, 61, 4]"
1647,"[62, 6, 52]"
1648,"[62, 32, 28]"
1649,"[62, 2, 22]"
1650,"[22, 11, 47]"
1651,"[62, 29, 15]"
1652,"[17, 52, 41]"
1653,"[62, 37, 59]"
1654,"[62, 42, 14]"
1655,"[28, 17, 46]"
1656,"[52, 46, 47]"
1657,"[62, 2, 15]"
1658,"[62, 51, 28]"
1659,"[62, 37, 9]"
1660,"[52, 30, 53]"
1661,"[7, 22, 3]"
1662,"[0, 10, 6]"
1663,"[52, 10, 45]"
1664,"[62, 57, 57]"
1665,"[13, 37, 29]"
1666,"[45, 8, 43]"
1667,"[62, 0, 22]"
1668,"[62, 33, 14]"
1669,"[41, 17, 55]"
1670,"[46, 54, 6]"
1671,"[1, 18, 50]"
1672,"[62, 36, 25]"
1673,"[62, 33, 14]"
1674,"[62, 14, 36]"
1675,"[33, 38, 4]"
1676,"[9, 9, 26]"
1677,"[63, 53, 38]"
1678,"[5, 39, 20]"
1679,"[9, 24, 35]"
1680,"[62, 33, 19]"
1681,"[19, 59, 45]"
1682,"[61, 48, 5]"
1683,"[35, 25, 55]"
1684,"[53, 22, 35]"
1685,"[2, 56, 12]"
1686,"[62, 29, 57]"
1687,"[20, 31, 58]"
1688,"[52, 46, 18]"
1689,"[20, 31, 2]"
1690,"[42, 30, 31]"
1691,"[21, 18, 37]"
1692,"[52, 14, 61]"
1693,"[1, 12, 7]"
1694,"[16, 50, 1]"
1695,"[40, 6, 47]"
1696,"[1, 58, 37]"
1697,"[36, 55, 12]"
1698,"[62, 52, 40]"
1699,"[36, 4, 59]"
1700,"[62, 44, 11]"
1701,"[62, 8, 39]"
1702,"[62, 51, 33]"
1703,"[19, 19, 2]"
1704,"[1, 60, 23]"
1705,"[52, 47, 41]"
1706,"[62, 34, 62]"
1707,"[12, 5, 39]"
1708,"[62, 20, 41]"
1709,"[52, 20, 17]"
1710,"[28, 28, 38]"
1711,"[26, 27, 63]"
1712,"[26, 53, 13]"
1713,"[52, 15, 54]"
1714,"[62, 23, 15]"
1715,"[62, 28, 3]"
1716,"[52, 13, 28]"
1717,"[62, 34, 62]"
1718,"[7, 22, 3]"
1719,"[49, 19, 42]"
1720,"[52, 8, 43]"
1721,"[62, 51, 22]"
1722,"[13, 38, 29]"
1723,"[63, 61, 30]"
1724,"[58, 35, 10]"
1725,"[63, 53, 26]"
1726,"[62, 49, 32]"
1727,"[1, 17, 48]"
1728,"[26, 27, 8]"
1729,"[5, 26, 49]"
1730,"[62, 0, 56]"
1731,"[1, 2, 58]"
1732,"[52, 45, 8]"
1733,"[5, 42, 49]"
1734,"[52, 46, 18]"
1735,"[62, 43, 24]"
1736,"[62, 62, 9]"
1737,"[41, 41, 8]"
1738,"[62, 1, 16]"
1739,"[62, 7, 19]"
1740,"[62, 49, 32]"
1741,"[22, 1, 10]"
1742,"[22, 6, 51]"
1743,"[5, 39, 41]"
1744,"[48, 4, 27]"
1745,"[62, 63, 57]"
1746,"[19, 21, 48]"
1747,"[1, 16, 21]"
1748,"[52, 41, 48]"
1749,"[62, 5, 21]"
1750,"[0, 10, 6]"
1751,"[52, 45, 63]"
1752,"[62, 57, 59]"
1753,"[29, 35, 50]"
1754,"[49, 16, 30]"
1755,"[62, 40, 16]"
1756,"[15, 29, 22]"
1757,"[52, 15, 46]"
1758,"[62, 55, 56]"
1759,"[21, 10, 28]"
1760,"[58, 52, 9]"
1761,"[29, 9, 46]"
1762,"[22, 61, 52]"
1763,"[16, 48, 1]"
1764,"[1, 12, 25]"
1765,"[57, 30, 13]"
1766,"[58, 2, 16]"
1767,"[4, 13, 53]"
1768,"[3, 21, 4]"
1769,"[62, 44, 60]"
1770,"[62, 59, 11]"
1771,"[1, 32, 21]"
1772,"[52, 47, 5]"
1773,"[45, 37, 17]"
1774,"[52, 11, 47]"
1775,"[49, 23, 59]"
1776,"[52, 46, 18]"
1777,"[62, 62, 0]"
1778,"[52, 13, 54]"
1779,"[22, 62, 0]"
1780,"[62, 36, 34]"
1781,"[62, 7, 60]"
1782,"[62, 42, 51]"
1783,"[62, 17, 15]"
1784,"[62, 63, 44]"
1785,"[5, 40, 20]"
1786,"[21, 10, 51]"
1787,"[52, 11, 36]"
1788,"[35, 11, 11]"
1789,"[5, 3, 49]"
1790,"[46, 3, 52]"
1791,"[48, 60, 23]"
1792,"[62, 49, 30]"
1793,"[45, 11, 57]"
1794,"[62, 18, 28]"
1795,"[62, 42, 46]"
1796,"[52, 9, 1]"
1797,"[14, 12, 48]"
1798,"[22, 1, 30]"
1799,"[57, 8, 43]"
1800,"[62, 58, 15]"
1801,"[13, 11, 59]"
1802,"[62, 23, 22]"
1803,"[22, 45, 51]"
1804,"[29, 28, 55]"
1805,"[5, 26, 49]"
1806,"[63, 18, 50]"
1807,"[22, 59, 5]"
1808,"[16, 61, 55]"
1809,"[52, 13, 46]"
1810,"[41, 47, 10]"
1811,"[15, 43, 58]"
1812,"[14, 50, 61]"
1813,"[15, 43, 2]"
1814,"[5, 60, 40]"
1815,"[15, 21, 9]"
1816,"[62, 29, 34]"
1817,"[62, 57, 19]"
1818,"[27, 39, 25]"
1819,"[62, 7, 60]"
1820,"[29, 13, 23]"
1821,"[46, 3, 52]"
1822,"[29, 9, 58]"
1823,"[62, 29, 32]"
1824,"[52, 8, 43]"
1825,"[62, 52, 27]"
1826,"[1, 12, 32]"
1827,"[29, 25, 26]"
1828,"[62, 33, 13]"
1829,"[62, 6, 15]"
1830,"[29, 15, 47]"
1831,"[9, 37, 35]"
1832,"[52, 10, 18]"
1833,"[10, 42, 45]"
1834,"[16, 56, 29]"
1835,"[29, 37, 52]"
1836,"[57, 3, 26]"
1837,"[36, 24, 12]"
1838,"[21, 10, 57]"
1839,"[52, 46, 18]"
1840,"[62, 55, 24]"
1841,"[16, 31, 2]"
1842,"[62, 22, 19]"
1843,"[52, 30, 4]"
1844,"[52, 32, 39]"
1845,"[52, 32, 6]"
1846,"[58, 2, 38]"
1847,"[52, 15, 8]"
1848,"[62, 0, 7]"
1849,"[13, 50, 29]"
1850,"[52, 4, 54]"
1851,"[17, 17, 28]"
1852,"[46, 6, 41]"
1853,"[24, 22, 45]"
1854,"[62, 51, 33]"
1855,"[62, 27, 11]"
1856,"[62, 27, 11]"
1857,"[62, 27, 31]"
1858,"[62, 27, 36]"
1859,"[46, 54, 36]"
1860,"[21, 25, 6]"
1861,"[61, 44, 38]"
1862,"[62, 36, 14]"
1863,"[40, 4, 52]"
1864,"[62, 16, 33]"
1865,"[9, 20, 40]"
1866,"[7, 21, 59]"
1867,"[62, 35, 10]"
1868,"[53, 41, 30]"
1869,"[32, 1, 1]"
1870,"[41, 14, 41]"
1871,"[62, 40, 45]"
1872,"[62, 61, 20]"
1873,"[60, 37, 39]"
1874,"[62, 62, 37]"
1875,"[62, 0, 22]"
1876,"[52, 10, 27]"
1877,"[24, 40, 12]"
1878,"[21, 38, 0]"
1879,"[48, 19, 47]"
1880,"[52, 46, 31]"
1881,"[7, 47, 63]"
1882,"[15, 28, 1]"
1883,"[41, 24, 35]"
1884,"[46, 54, 9]"
1885,"[62, 29, 7]"
1886,"[42, 23, 33]"
1887,"[41, 14, 27]"
1888,"[58, 56, 23]"
1889,"[62, 36, 25]"
1890,"[7, 35, 20]"
1891,"[25, 53, 0]"
1892,"[62, 5, 21]"
1893,"[52, 45, 8]"
1894,"[62, 5, 21]"
1895,"[25, 48, 5]"
1896,"[10, 38, 56]"
1897,"[58, 41, 3]"
1898,"[62, 33, 14]"
1899,"[62, 34, 37]"
1900,"[52, 30, 13]"
1901,"[62, 31, 42]"
1902,"[62, 7, 60]"
1903,"[5, 26, 49]"
1904,"[62, 2, 62]"
1905,"[52, 60, 17]"
1906,"[62, 20, 42]"
1907,"[62, 34, 62]"
1908,"[62, 62, 32]"
1909,"[27, 52, 4]"
1910,"[62, 16, 16]"
1911,"[9, 63, 54]"
1912,"[62, 7, 53]"
1913,"[62, 55, 44]"
1914,"[62, 55, 24]"
1915,"[62, 17, 61]"
1916,"[38, 48, 53]"
1917,"[28, 19, 16]"
1918,"[62, 39, 34]"
1919,"[16, 59, 57]"
1920,"[62, 12, 32]"
1921,"[62, 42, 42]"
1922,"[62, 17, 53]"
1923,"[22, 22, 10]"
1924,"[62, 52, 34]"
1925,"[13, 5, 21]"
1926,"[57, 37, 56]"
1927,"[57, 34, 24]"
1928,"[62, 33, 13]"
1929,"[52, 46, 31]"
1930,"[52, 9, 51]"
1931,"[62, 12, 7]"
1932,"[46, 54, 12]"
1933,"[53, 38, 26]"
1934,"[8, 35, 9]"
1935,"[8, 39, 4]"
1936,"[0, 18, 50]"
1937,"[62, 12, 25]"
1938,"[12, 40, 3]"
1939,"[62, 47, 57]"
1940,"[62, 51, 33]"
1941,"[0, 7, 58]"
1942,"[45, 28, 23]"
1943,"[52, 47, 9]"
1944,"[3, 59, 17]"
1945,"[62, 56, 22]"
1946,"[45, 13, 28]"
1947,"[52, 45, 18]"
1948,"[62, 9, 51]"
1949,"[8, 35, 20]"
1950,"[17, 17, 31]"
1951,"[62, 7, 60]"
1952,"[22, 22, 26]"
1953,"[45, 51, 48]"
1954,"[52, 31, 1]"
1955,"[62, 29, 34]"
1956,"[13, 61, 54]"
1957,"[62, 37, 59]"
1958,"[62, 23, 62]"
1959,"[62, 36, 25]"
1960,"[14, 4, 29]"
1961,"[9, 24, 22]"
1962,"[52, 25, 35]"
1963,"[23, 29, 29]"
1964,"[62, 57, 62]"
1965,"[62, 15, 30]"
1966,"[27, 48, 48]"
1967,"[62, 0, 42]"
1968,"[62, 0, 8]"
1969,"[8, 13, 18]"
1970,"[62, 59, 39]"
1971,"[38, 6, 36]"
1972,"[26, 20, 28]"
1973,"[13, 40, 45]"
1974,"[62, 55, 63]"
1975,"[62, 49, 0]"
1976,"[21, 48, 37]"
1977,"[8, 24, 10]"
1978,"[0, 26, 6]"
1979,"[1, 16, 19]"
1980,"[26, 60, 11]"
1981,"[0, 10, 2]"
1982,"[4, 60, 13]"
1983,"[63, 33, 49]"
1984,"[52, 62, 2]"
1985,"[57, 52, 39]"
1986,"[49, 23, 27]"
1987,"[52, 49, 35]"
1988,"[62, 18, 50]"
1989,"[62, 51, 44]"
1990,"[62, 27, 16]"
1991,"[59, 56, 1]"
1992,"[62, 52, 34]"
1993,"[62, 32, 21]"
1994,"[21, 41, 0]"
1995,"[12, 8, 43]"
1996,"[41, 14, 41]"
1997,"[9, 50, 61]"
1998,"[62, 0, 7]"
1999,"[57, 3, 26]"
2000,"[19, 21, 49]"
2001,"[52, 62, 5]"
2002,"[26, 10, 3]"
2003,"[62, 42, 37]"
2004,"[8, 27, 55]"
2005,"[62, 43, 15]"
2006,"[62, 0, 8]"
2007,"[62, 44, 23]"
2008,"[62, 63, 44]"
2009,"[22, 53, 5]"
2010,"[62, 10, 8]"
2011,"[32, 1, 1]"
2012,"[1, 2, 15]"
2013,"[62, 58, 42]"
2014,"[42, 50, 61]"
2015,"[52, 31, 6]"
2016,"[22, 20, 30]"
2017,"[16, 5, 38]"
2018,"[62, 58, 60]"
2019,"[33, 19, 28]"
2020,"[52, 28, 18]"
2021,"[7, 41, 45]"
2022,"[62, 61, 20]"
2023,"[57, 2, 46]"
2024,"[62, 63, 22]"
2025,"[46, 6, 41]"
2026,"[0, 21, 46]"
2027,"[46, 26, 52]"
2028,"[8, 53, 17]"
2029,"[52, 15, 54]"
2030,"[41, 3, 41]"
2031,"[46, 54, 53]"
2032,"[48, 4, 27]"
2033,"[62, 57, 59]"
2034,"[26, 25, 47]"
2035,"[61, 38, 16]"
2036,"[22, 8, 43]"
2037,"[62, 33, 14]"
2038,"[60, 11, 55]"
2039,"[52, 44, 12]"
2040,"[62, 14, 32]"
2041,"[8, 45, 47]"
2042,"[1, 30, 57]"
2043,"[9, 19, 40]"
2044,"[49, 30, 11]"
2045,"[62, 55, 63]"
2046,"[62, 16, 27]"
2047,"[52, 46, 36]"
2048,"[62, 63, 0]"
2049,"[62, 55, 56]"
2050,"[48, 14, 12]"
2051,"[36, 11, 12]"
2052,"[48, 14, 41]"
2053,"[48, 3, 27]"
2054,"[5, 39, 36]"
2055,"[48, 3, 27]"
2056,"[9, 45, 35]"
2057,"[1, 2, 24]"
2058,"[4, 28, 48]"
2059,"[62, 5, 14]"
2060,"[4, 61, 18]"
2061,"[52, 8, 43]"
2062,"[62, 17, 53]"
2063,"[7, 40, 10]"
2064,"[52, 50, 38]"
2065,"[62, 7, 22]"
2066,"[62, 27, 31]"
2067,"[17, 25, 41]"
2068,"[9, 24, 53]"
2069,"[45, 40, 31]"
2070,"[59, 29, 18]"
2071,"[26, 59, 59]"
2072,"[62, 23, 22]"
2073,"[59, 56, 28]"
2074,"[32, 17, 1]"
2075,"[19, 38, 46]"
2076,"[62, 60, 40]"
2077,"[38, 48, 39]"
2078,"[7, 26, 49]"
2079,"[62, 56, 5]"
2080,"[62, 52, 17]"
2081,"[1, 32, 25]"
2082,"[52, 15, 54]"
2083,"[1, 58, 37]"
2084,"[32, 1, 4]"
2085,"[46, 54, 9]"
2086,"[62, 7, 60]"
2087,"[62, 45, 40]"
2088,"[62, 16, 15]"
2089,"[52, 22, 5]"
2090,"[19, 24, 21]"
2091,"[40, 6, 36]"
2092,"[1, 18, 21]"
2093,"[5, 39, 13]"
2094,"[21, 41, 46]"
2095,"[1, 0, 21]"
2096,"[49, 19, 6]"
2097,"[62, 61, 55]"
2098,"[7, 37, 3]"
2099,"[38, 44, 26]"
2100,"[16, 44, 14]"
2101,"[58, 41, 40]"
2102,"[62, 58, 0]"
2103,"[48, 19, 6]"
2104,"[62, 20, 63]"
2105,"[52, 46, 35]"
2106,"[62, 10, 44]"
2107,"[1, 23, 51]"
2108,"[1, 16, 33]"
2109,"[22, 21, 47]"
2110,"[52, 46, 32]"
2111,"[4, 50, 26]"
2112,"[62, 20, 50]"
2113,"[0, 49, 19]"
2114,"[38, 30, 53]"
2115,"[58, 35, 3]"
2116,"[20, 31, 2]"
2117,"[62, 57, 62]"
2118,"[42, 33, 30]"
2119,"[52, 22, 24]"
2120,"[62, 10, 25]"
2121,"[7, 13, 23]"
2122,"[22, 45, 52]"
2123,"[62, 62, 37]"
2124,"[62, 7, 60]"
2125,"[19, 59, 49]"
2126,"[62, 25, 15]"
2127,"[62, 34, 26]"
2128,"[19, 11, 49]"
2129,"[1, 18, 63]"
2130,"[62, 63, 44]"
2131,"[62, 37, 8]"
2132,"[10, 12, 13]"
2133,"[52, 55, 9]"
2134,"[62, 20, 11]"
2135,"[2, 53, 48]"
2136,"[3, 26, 29]"
2137,"[4, 28, 1]"
2138,"[62, 5, 8]"
2139,"[22, 27, 30]"
2140,"[3, 42, 11]"
2141,"[27, 4, 58]"
2142,"[58, 12, 45]"
2143,"[60, 49, 23]"
2144,"[15, 43, 2]"
2145,"[1, 2, 4]"
2146,"[42, 30, 17]"
2147,"[62, 0, 7]"
2148,"[62, 29, 13]"
2149,"[38, 48, 39]"
2150,"[22, 47, 10]"
2151,"[62, 57, 57]"
2152,"[62, 51, 44]"
2153,"[8, 35, 55]"
2154,"[51, 53, 47]"
2155,"[62, 42, 16]"
2156,"[33, 9, 51]"
2157,"[8, 47, 61]"
2158,"[62, 60, 16]"
2159,"[16, 38, 29]"
2160,"[62, 6, 11]"
2161,"[13, 33, 58]"
2162,"[36, 15, 55]"
2163,"[8, 9, 61]"
2164,"[62, 57, 34]"
2165,"[49, 26, 42]"
2166,"[1, 16, 33]"
2167,"[40, 4, 52]"
2168,"[59, 32, 23]"
2169,"[61, 54, 19]"
2170,"[62, 36, 7]"
2171,"[62, 51, 32]"
2172,"[62, 43, 34]"
2173,"[62, 52, 41]"
2174,"[26, 20, 59]"
2175,"[36, 15, 57]"
2176,"[62, 16, 34]"
2177,"[62, 20, 63]"
2178,"[62, 20, 63]"
2179,"[26, 6, 52]"
2180,"[62, 57, 57]"
2181,"[9, 41, 55]"
2182,"[19, 7, 35]"
2183,"[62, 43, 24]"
2184,"[60, 9, 58]"
2185,"[13, 38, 2]"
2186,"[49, 42, 42]"
2187,"[62, 18, 22]"
2188,"[20, 31, 2]"
2189,"[33, 12, 47]"
2190,"[33, 13, 28]"
2191,"[10, 41, 7]"
2192,"[62, 56, 56]"
2193,"[0, 62, 3]"
2194,"[28, 29, 22]"
2195,"[33, 21, 4]"
2196,"[61, 33, 5]"
2197,"[51, 17, 28]"
2198,"[49, 23, 6]"
2199,"[62, 33, 13]"
2200,"[48, 54, 27]"
2201,"[62, 27, 36]"
2202,"[26, 60, 11]"
2203,"[19, 21, 46]"
2204,"[8, 24, 47]"
2205,"[52, 40, 16]"
2206,"[52, 45, 31]"
2207,"[1, 2, 24]"
2208,"[32, 1, 1]"
2209,"[52, 28, 13]"
2210,"[62, 23, 33]"
2211,"[61, 18, 19]"
2212,"[62, 36, 7]"
2213,"[62, 49, 0]"
2214,"[42, 30, 2]"
2215,"[52, 47, 10]"
2216,"[62, 5, 14]"
2217,"[57, 14, 32]"
2218,"[62, 61, 20]"
2219,"[3, 42, 40]"
2220,"[21, 48, 11]"
2221,"[28, 28, 17]"
2222,"[62, 34, 0]"
2223,"[36, 15, 9]"
2224,"[52, 46, 18]"
2225,"[51, 40, 5]"
2226,"[52, 46, 18]"
2227,"[52, 31, 1]"
2228,"[62, 61, 38]"
2229,"[19, 59, 48]"
2230,"[59, 32, 45]"
2231,"[60, 33, 38]"
2232,"[62, 0, 53]"
2233,"[41, 14, 41]"
2234,"[21, 10, 4]"
2235,"[52, 10, 18]"
2236,"[1, 12, 16]"
2237,"[52, 60, 23]"
2238,"[62, 63, 43]"
2239,"[62, 57, 59]"
2240,"[28, 28, 38]"
2241,"[9, 4, 9]"
2242,"[62, 2, 26]"
2243,"[10, 50, 20]"
2244,"[48, 3, 27]"
2245,"[58, 6, 6]"
2246,"[62, 19, 20]"
2247,"[52, 44, 3]"
2248,"[52, 48, 29]"
2249,"[26, 56, 11]"
2250,"[33, 39, 4]"
2251,"[27, 44, 58]"
2252,"[25, 26, 53]"
2253,"[52, 47, 15]"
2254,"[52, 45, 8]"
2255,"[62, 27, 31]"
2256,"[52, 32, 61]"
2257,"[63, 29, 59]"
2258,"[53, 25, 63]"
2259,"[33, 37, 39]"
2260,"[62, 7, 60]"
2261,"[9, 52, 40]"
2262,"[33, 38, 41]"
2263,"[53, 4, 26]"
2264,"[53, 53, 49]"
2265,"[53, 55, 50]"
2266,"[62, 51, 44]"
2267,"[62, 62, 39]"
2268,"[62, 52, 34]"
2269,"[52, 22, 45]"
2270,"[62, 49, 30]"
2271,"[52, 47, 25]"
2272,"[62, 55, 56]"
2273,"[60, 11, 29]"
2274,"[62, 58, 37]"
2275,"[52, 46, 8]"
2276,"[52, 22, 23]"
2277,"[48, 19, 27]"
2278,"[9, 26, 52]"
2279,"[52, 11, 46]"
2280,"[62, 51, 62]"
2281,"[36, 35, 12]"
2282,"[52, 35, 10]"
2283,"[9, 9, 54]"
2284,"[62, 5, 21]"
2285,"[7, 17, 21]"
2286,"[9, 3, 54]"
2287,"[27, 54, 49]"
2288,"[62, 36, 25]"
2289,"[1, 18, 50]"
2290,"[62, 16, 33]"
2291,"[62, 9, 51]"
2292,"[60, 53, 48]"
2293,"[62, 1, 57]"
2294,"[62, 62, 34]"
2295,"[52, 39, 17]"
2296,"[49, 42, 42]"
2297,"[22, 50, 30]"
2298,"[60, 8, 43]"
2299,"[21, 8, 16]"
2300,"[62, 0, 14]"
2301,"[27, 24, 19]"
2302,"[52, 47, 41]"
2303,"[8, 37, 35]"
2304,"[62, 33, 8]"
2305,"[22, 47, 10]"
2306,"[26, 25, 28]"
2307,"[62, 42, 1]"
2308,"[27, 38, 4]"
2309,"[33, 13, 47]"
2310,"[48, 13, 46]"
2311,"[62, 7, 60]"
2312,"[62, 5, 14]"
2313,"[53, 23, 37]"
2314,"[12, 12, 3]"
2315,"[62, 20, 27]"
2316,"[49, 28, 38]"
2317,"[62, 43, 24]"
2318,"[52, 22, 27]"
2319,"[62, 33, 34]"
2320,"[52, 15, 17]"
2321,"[57, 3, 35]"
2322,"[62, 51, 63]"
2323,"[13, 6, 55]"
2324,"[62, 63, 43]"
2325,"[52, 14, 41]"
2326,"[21, 48, 11]"
2327,"[62, 44, 19]"
2328,"[33, 53, 5]"
2329,"[5, 26, 49]"
2330,"[62, 58, 62]"
2331,"[57, 37, 39]"
2332,"[49, 62, 42]"
2333,"[49, 19, 42]"
2334,"[26, 45, 13]"
2335,"[62, 57, 57]"
2336,"[62, 5, 21]"
2337,"[29, 27, 49]"
2338,"[52, 31, 41]"
2339,"[57, 12, 9]"
2340,"[62, 5, 8]"
2341,"[9, 7, 33]"
2342,"[59, 29, 9]"
2343,"[59, 32, 6]"
2344,"[1, 32, 21]"
2345,"[13, 11, 29]"
2346,"[62, 1, 57]"
2347,"[52, 46, 35]"
2348,"[3, 8, 15]"
2349,"[62, 58, 37]"
2350,"[62, 56, 40]"
2351,"[52, 35, 61]"
2352,"[62, 54, 20]"
2353,"[38, 6, 36]"
2354,"[5, 39, 16]"
2355,"[26, 54, 43]"
2356,"[16, 29, 6]"
2357,"[52, 31, 1]"
2358,"[33, 21, 4]"
2359,"[62, 46, 32]"
2360,"[16, 0, 29]"
2361,"[21, 48, 60]"
2362,"[1, 60, 11]"
2363,"[1, 52, 11]"
2364,"[52, 10, 8]"
2365,"[42, 50, 61]"
2366,"[62, 63, 43]"
2367,"[62, 37, 31]"
2368,"[59, 41, 18]"
2369,"[22, 61, 28]"
2370,"[62, 12, 25]"
2371,"[1, 12, 19]"
2372,"[42, 50, 54]"
2373,"[20, 59, 13]"
2374,"[5, 26, 40]"
2375,"[51, 27, 43]"
2376,"[59, 41, 58]"
2377,"[62, 38, 32]"
2378,"[36, 35, 2]"
2379,"[62, 17, 7]"
2380,"[22, 45, 59]"
2381,"[62, 55, 56]"
2382,"[52, 15, 17]"
2383,"[52, 13, 54]"
2384,"[40, 4, 52]"
2385,"[7, 60, 23]"
2386,"[62, 18, 50]"
2387,"[62, 17, 53]"
2388,"[49, 56, 30]"
2389,"[1, 18, 16]"
2390,"[49, 25, 2]"
2391,"[22, 24, 30]"
2392,"[4, 39, 20]"
2393,"[0, 49, 22]"
2394,"[7, 40, 45]"
2395,"[9, 21, 18]"
2396,"[62, 42, 57]"
2397,"[59, 61, 48]"
2398,"[28, 28, 17]"
2399,"[49, 23, 44]"
2400,"[62, 34, 26]"
2401,"[26, 59, 59]"
2402,"[62, 52, 15]"
2403,"[21, 4, 52]"
2404,"[52, 47, 5]"
2405,"[7, 40, 45]"
2406,"[62, 51, 63]"
2407,"[26, 53, 51]"
2408,"[21, 10, 26]"
2409,"[36, 30, 46]"
2410,"[62, 33, 14]"
2411,"[35, 14, 47]"
2412,"[62, 36, 25]"
2413,"[62, 16, 22]"
2414,"[0, 2, 53]"
2415,"[62, 7, 22]"
2416,"[8, 24, 10]"
2417,"[26, 20, 1]"
2418,"[62, 9, 51]"
2419,"[7, 22, 45]"
2420,"[62, 55, 24]"
2421,"[60, 9, 27]"
2422,"[62, 0, 7]"
2423,"[62, 34, 62]"
2424,"[42, 30, 31]"
2425,"[62, 62, 0]"
2426,"[62, 19, 12]"
2427,"[1, 2, 30]"
2428,"[31, 3, 58]"
2429,"[60, 49, 38]"
2430,"[62, 43, 34]"
2431,"[62, 38, 32]"
2432,"[27, 7, 21]"
2433,"[25, 53, 25]"
2434,"[62, 40, 45]"
2435,"[21, 27, 7]"
2436,"[22, 50, 61]"
2437,"[60, 11, 12]"
2438,"[7, 37, 3]"
2439,"[62, 47, 57]"
2440,"[62, 34, 26]"
2441,"[33, 37, 39]"
2442,"[62, 29, 34]"
2443,"[25, 48, 35]"
2444,"[1, 45, 33]"
2445,"[62, 18, 22]"
2446,"[52, 31, 11]"
2447,"[62, 54, 29]"
2448,"[25, 26, 50]"
2449,"[49, 28, 17]"
2450,"[62, 57, 59]"
2451,"[22, 24, 30]"
2452,"[62, 63, 44]"
2453,"[1, 2, 24]"
2454,"[31, 30, 46]"
2455,"[24, 22, 5]"
2456,"[27, 7, 2]"
2457,"[62, 42, 42]"
2458,"[14, 14, 41]"
2459,"[62, 0, 7]"
2460,"[7, 60, 23]"
2461,"[40, 41, 52]"
2462,"[62, 57, 59]"
2463,"[1, 10, 50]"
2464,"[53, 41, 26]"
2465,"[52, 28, 31]"
2466,"[62, 34, 15]"
2467,"[7, 30, 49]"
2468,"[62, 23, 38]"
2469,"[9, 52, 5]"
2470,"[27, 59, 57]"
2471,"[62, 49, 37]"
2472,"[58, 56, 3]"
2473,"[7, 24, 30]"
2474,"[22, 17, 10]"
2475,"[52, 9, 17]"
2476,"[62, 27, 14]"
2477,"[62, 35, 10]"
2478,"[62, 8, 43]"
2479,"[52, 50, 28]"
2480,"[1, 13, 46]"
2481,"[62, 8, 43]"
2482,"[62, 1, 7]"
2483,"[62, 51, 24]"
2484,"[62, 38, 32]"
2485,"[4, 61, 48]"
2486,"[33, 21, 18]"
2487,"[1, 19, 31]"
2488,"[52, 49, 19]"
2489,"[60, 60, 9]"
2490,"[62, 20, 27]"
2491,"[52, 47, 9]"
2492,"[62, 14, 27]"
2493,"[62, 42, 14]"
2494,"[7, 60, 23]"
2495,"[62, 46, 32]"
2496,"[33, 53, 49]"
2497,"[38, 48, 53]"
2498,"[59, 32, 28]"
2499,"[52, 44, 40]"
2500,"[62, 0, 8]"
2501,"[60, 11, 12]"
2502,"[1, 12, 25]"
2503,"[52, 28, 36]"
2504,"[19, 9, 4]"
2505,"[2, 3, 47]"
2506,"[62, 5, 21]"
2507,"[4, 39, 20]"
2508,"[62, 16, 62]"
2509,"[15, 21, 55]"
2510,"[62, 43, 56]"
2511,"[22, 17, 27]"
2512,"[21, 54, 11]"
2513,"[14, 25, 55]"
2514,"[15, 61, 2]"
2515,"[15, 43, 58]"
2516,"[1, 58, 60]"
2517,"[62, 29, 8]"
2518,"[1, 12, 16]"
2519,"[62, 55, 39]"
2520,"[8, 39, 12]"
2521,"[62, 51, 44]"
2522,"[21, 25, 37]"
2523,"[62, 42, 19]"
2524,"[62, 52, 34]"
2525,"[52, 62, 47]"
2526,"[26, 20, 47]"
2527,"[62, 0, 22]"
2528,"[62, 52, 57]"
2529,"[45, 40, 1]"
2530,"[25, 19, 6]"
2531,"[62, 56, 44]"
2532,"[58, 38, 38]"
2533,"[58, 55, 52]"
2534,"[52, 23, 54]"
2535,"[62, 63, 42]"
2536,"[52, 10, 26]"
2537,"[42, 62, 0]"
2538,"[62, 57, 60]"
2539,"[62, 34, 62]"
2540,"[62, 36, 60]"
2541,"[62, 55, 63]"
2542,"[58, 13, 53]"
2543,"[10, 2, 36]"
2544,"[42, 35, 61]"
2545,"[52, 5, 51]"
2546,"[63, 22, 40]"
2547,"[52, 15, 54]"
2548,"[59, 4, 18]"
2549,"[20, 59, 13]"
2550,"[62, 1, 16]"
2551,"[62, 31, 19]"
2552,"[62, 33, 13]"
2553,"[62, 10, 52]"
2554,"[57, 3, 35]"
2555,"[52, 4, 4]"
2556,"[52, 15, 1]"
2557,"[14, 26, 29]"
2558,"[26, 6, 51]"
2559,"[42, 32, 61]"
2560,"[62, 1, 7]"
2561,"[53, 21, 58]"
2562,"[49, 25, 59]"
2563,"[62, 34, 31]"
2564,"[29, 26, 49]"
2565,"[62, 44, 60]"
2566,"[5, 52, 16]"
2567,"[16, 43, 28]"
2568,"[8, 39, 12]"
2569,"[1, 15, 23]"
2570,"[20, 13, 17]"
2571,"[1, 35, 50]"
2572,"[62, 46, 62]"
2573,"[62, 0, 8]"
2574,"[13, 54, 26]"
2575,"[13, 21, 54]"
2576,"[19, 59, 27]"
2577,"[12, 5, 58]"
2578,"[52, 15, 54]"
2579,"[62, 17, 53]"
2580,"[52, 32, 39]"
2581,"[62, 32, 56]"
2582,"[8, 47, 30]"
2583,"[62, 58, 15]"
2584,"[26, 6, 36]"
2585,"[13, 11, 29]"
2586,"[1, 12, 7]"
2587,"[62, 6, 6]"
2588,"[49, 60, 13]"
2589,"[62, 10, 22]"
2590,"[62, 57, 57]"
2591,"[1, 32, 33]"
2592,"[8, 24, 10]"
2593,"[1, 12, 25]"
2594,"[62, 33, 45]"
2595,"[59, 56, 1]"
2596,"[62, 31, 42]"
2597,"[62, 20, 35]"
2598,"[60, 53, 45]"
2599,"[13, 33, 27]"
2600,"[62, 44, 42]"
2601,"[4, 22, 61]"
2602,"[62, 45, 18]"
2603,"[62, 46, 62]"
2604,"[62, 0, 14]"
2605,"[13, 19, 15]"
2606,"[51, 40, 12]"
2607,"[62, 49, 37]"
2608,"[52, 31, 47]"
2609,"[62, 63, 57]"
2610,"[41, 3, 47]"
2611,"[23, 41, 55]"
2612,"[62, 48, 57]"
2613,"[7, 25, 26]"
2614,"[13, 38, 2]"
2615,"[45, 39, 31]"
2616,"[62, 1, 13]"
2617,"[62, 63, 44]"
2618,"[62, 7, 60]"
2619,"[40, 4, 52]"
2620,"[10, 38, 34]"
2621,"[22, 41, 47]"
2622,"[35, 53, 5]"
2623,"[62, 59, 5]"
2624,"[27, 27, 30]"
2625,"[45, 42, 11]"
2626,"[28, 50, 46]"
2627,"[7, 35, 3]"
2628,"[62, 18, 63]"
2629,"[31, 3, 39]"
2630,"[52, 30, 38]"
2631,"[42, 27, 0]"
2632,"[13, 61, 29]"
2633,"[62, 42, 14]"
2634,"[9, 45, 52]"
2635,"[9, 9, 9]"
2636,"[62, 37, 35]"
2637,"[62, 55, 56]"
2638,"[45, 34, 20]"
2639,"[22, 20, 51]"
2640,"[62, 16, 33]"
2641,"[28, 50, 6]"
2642,"[62, 42, 11]"
2643,"[41, 14, 41]"
2644,"[62, 51, 44]"
2645,"[62, 44, 8]"
2646,"[62, 36, 7]"
2647,"[13, 29, 32]"
2648,"[52, 28, 18]"
2649,"[52, 28, 40]"
2650,"[52, 37, 18]"
2651,"[41, 14, 41]"
2652,"[62, 7, 60]"
2653,"[62, 43, 24]"
2654,"[28, 50, 61]"
2655,"[8, 9, 20]"
2656,"[48, 60, 23]"
2657,"[62, 8, 43]"
2658,"[28, 4, 46]"
2659,"[4, 11, 48]"
2660,"[17, 17, 48]"
2661,"[49, 23, 59]"
2662,"[57, 8, 43]"
2663,"[62, 58, 24]"
2664,"[13, 61, 4]"
2665,"[59, 56, 1]"
2666,"[26, 19, 28]"
2667,"[62, 10, 50]"
2668,"[23, 29, 2]"
2669,"[28, 30, 38]"
2670,"[62, 47, 32]"
2671,"[62, 16, 34]"
2672,"[9, 24, 40]"
2673,"[21, 10, 4]"
2674,"[46, 54, 36]"
2675,"[62, 36, 25]"
2676,"[62, 5, 21]"
2677,"[62, 8, 43]"
2678,"[60, 53, 55]"
2679,"[3, 52, 21]"
2680,"[1, 2, 19]"
2681,"[21, 48, 10]"
2682,"[0, 62, 11]"
2683,"[52, 13, 8]"
2684,"[62, 49, 0]"
2685,"[1, 23, 63]"
2686,"[62, 62, 53]"
2687,"[12, 55, 3]"
2688,"[62, 51, 22]"
2689,"[9, 13, 9]"
2690,"[38, 48, 39]"
2691,"[62, 46, 62]"
2692,"[8, 45, 35]"
2693,"[62, 10, 23]"
2694,"[62, 55, 56]"
2695,"[62, 7, 22]"
2696,"[5, 35, 29]"
2697,"[9, 24, 35]"
2698,"[62, 63, 31]"
2699,"[21, 38, 56]"
2700,"[62, 36, 14]"
2701,"[52, 22, 23]"
2702,"[62, 63, 44]"
2703,"[62, 5, 21]"
2704,"[58, 46, 40]"
2705,"[59, 56, 1]"
2706,"[1, 58, 37]"
2707,"[62, 0, 7]"
2708,"[7, 62, 3]"
2709,"[26, 57, 30]"
2710,"[1, 12, 25]"
2711,"[19, 59, 50]"
2712,"[27, 11, 60]"
2713,"[62, 49, 37]"
2714,"[62, 44, 60]"
2715,"[62, 16, 22]"
2716,"[1, 12, 7]"
2717,"[52, 30, 32]"
2718,"[62, 56, 14]"
2719,"[1, 18, 50]"
2720,"[1, 2, 4]"
2721,"[62, 8, 57]"
2722,"[62, 63, 42]"
2723,"[48, 3, 27]"
2724,"[5, 39, 41]"
2725,"[51, 40, 56]"
2726,"[7, 17, 21]"
2727,"[52, 47, 5]"
2728,"[62, 34, 15]"
2729,"[26, 28, 13]"
2730,"[57, 37, 39]"
2731,"[26, 6, 36]"
2732,"[32, 1, 45]"
2733,"[52, 15, 46]"
2734,"[1, 2, 32]"
2735,"[52, 29, 54]"
2736,"[62, 5, 8]"
2737,"[35, 15, 55]"
2738,"[45, 7, 48]"
2739,"[57, 30, 63]"
2740,"[49, 25, 59]"
2741,"[42, 52, 11]"
2742,"[8, 4, 55]"
2743,"[52, 46, 18]"
2744,"[21, 52, 11]"
2745,"[14, 26, 41]"
2746,"[62, 14, 41]"
2747,"[49, 27, 13]"
2748,"[9, 26, 9]"
2749,"[4, 15, 17]"
2750,"[45, 42, 31]"
2751,"[45, 42, 57]"
2752,"[42, 50, 61]"
2753,"[49, 62, 42]"
2754,"[5, 60, 40]"
2755,"[52, 32, 61]"
2756,"[1, 16, 19]"
2757,"[7, 22, 45]"
2758,"[48, 3, 27]"
2759,"[15, 43, 10]"
2760,"[15, 43, 58]"
2761,"[40, 6, 36]"
2762,"[62, 55, 63]"
2763,"[52, 31, 6]"
2764,"[62, 37, 18]"
2765,"[41, 38, 24]"
2766,"[20, 31, 2]"
2767,"[48, 14, 12]"
2768,"[4, 17, 28]"
2769,"[62, 0, 14]"
2770,"[36, 35, 46]"
2771,"[42, 52, 31]"
2772,"[62, 8, 43]"
2773,"[62, 34, 62]"
2774,"[4, 39, 12]"
2775,"[4, 54, 28]"
2776,"[9, 45, 16]"
2777,"[4, 28, 38]"
2778,"[4, 54, 29]"
2779,"[4, 61, 26]"
2780,"[62, 18, 21]"
2781,"[52, 47, 5]"
2782,"[26, 59, 10]"
2783,"[42, 62, 53]"
2784,"[49, 23, 59]"
2785,"[49, 19, 59]"
2786,"[61, 53, 53]"
2787,"[9, 4, 6]"
2788,"[52, 32, 16]"
2789,"[40, 36, 52]"
2790,"[61, 23, 19]"
2791,"[7, 41, 49]"
2792,"[19, 11, 20]"
2793,"[33, 53, 47]"
2794,"[62, 20, 58]"
2795,"[21, 48, 52]"
2796,"[7, 33, 4]"
2797,"[60, 9, 31]"
2798,"[3, 40, 16]"
2799,"[61, 19, 19]"
2800,"[42, 50, 46]"
2801,"[27, 44, 38]"
2802,"[3, 21, 33]"
2803,"[62, 20, 58]"
2804,"[9, 24, 63]"
2805,"[62, 29, 24]"
2806,"[1, 58, 17]"
2807,"[8, 9, 51]"
2808,"[62, 61, 30]"
2809,"[62, 25, 15]"
2810,"[62, 51, 56]"
2811,"[32, 1, 1]"
2812,"[48, 21, 20]"
2813,"[58, 41, 3]"
2814,"[62, 49, 0]"
2815,"[1, 60, 2]"
2816,"[5, 30, 13]"
2817,"[62, 23, 22]"
2818,"[7, 21, 48]"
2819,"[27, 11, 26]"
2820,"[17, 17, 28]"
2821,"[2, 56, 26]"
2822,"[62, 18, 50]"
2823,"[17, 17, 28]"
2824,"[62, 59, 2]"
2825,"[9, 25, 9]"
2826,"[62, 31, 32]"
2827,"[51, 53, 5]"
2828,"[2, 7, 47]"
2829,"[62, 0, 44]"
2830,"[7, 4, 20]"
2831,"[7, 54, 49]"
2832,"[4, 61, 24]"
2833,"[62, 1, 62]"
2834,"[21, 60, 11]"
2835,"[27, 48, 48]"
2836,"[1, 56, 19]"
2837,"[41, 3, 55]"
2838,"[7, 41, 3]"
2839,"[62, 57, 14]"
2840,"[21, 10, 4]"
2841,"[15, 43, 4]"
2842,"[62, 44, 8]"
2843,"[14, 4, 58]"
2844,"[62, 36, 60]"
2845,"[25, 48, 6]"
2846,"[19, 25, 20]"
2847,"[60, 9, 12]"
2848,"[61, 53, 29]"
2849,"[26, 59, 59]"
2850,"[8, 39, 23]"
2851,"[52, 13, 53]"
2852,"[52, 42, 17]"
2853,"[62, 58, 60]"
2854,"[60, 20, 51]"
2855,"[36, 11, 46]"
2856,"[62, 12, 7]"
2857,"[52, 28, 40]"
2858,"[62, 43, 15]"
2859,"[7, 39, 40]"
2860,"[62, 45, 39]"
2861,"[27, 7, 6]"
2862,"[49, 46, 40]"
2863,"[1, 19, 41]"
2864,"[9, 50, 1]"
2865,"[62, 51, 33]"
2866,"[62, 55, 13]"
2867,"[62, 1, 32]"
2868,"[52, 10, 52]"
2869,"[62, 28, 34]"
2870,"[1, 58, 37]"
2871,"[62, 57, 57]"
2872,"[62, 31, 56]"
2873,"[62, 12, 25]"
2874,"[60, 29, 12]"
2875,"[62, 16, 63]"
2876,"[57, 52, 50]"
2877,"[45, 40, 8]"
2878,"[62, 43, 15]"
2879,"[57, 8, 41]"
2880,"[62, 14, 61]"
2881,"[62, 33, 57]"
2882,"[52, 62, 31]"
2883,"[62, 16, 22]"
2884,"[20, 35, 10]"
2885,"[1, 2, 30]"
2886,"[62, 8, 43]"
2887,"[62, 49, 0]"
2888,"[1, 52, 19]"
2889,"[52, 10, 18]"
2890,"[62, 62, 2]"
2891,"[45, 40, 16]"
2892,"[62, 63, 44]"
2893,"[62, 42, 38]"
2894,"[62, 27, 37]"
2895,"[62, 19, 12]"
2896,"[9, 24, 9]"
2897,"[62, 36, 25]"
2898,"[25, 13, 43]"
2899,"[52, 46, 30]"
2900,"[7, 21, 38]"
2901,"[62, 36, 7]"
2902,"[9, 37, 55]"
2903,"[52, 47, 31]"
2904,"[33, 6, 52]"
2905,"[62, 37, 38]"
2906,"[48, 41, 27]"
2907,"[52, 20, 17]"
2908,"[62, 34, 21]"
2909,"[62, 60, 16]"
2910,"[62, 47, 5]"
2911,"[10, 61, 36]"
2912,"[62, 6, 8]"
2913,"[0, 2, 53]"
2914,"[57, 45, 35]"
2915,"[62, 32, 57]"
2916,"[52, 15, 23]"
2917,"[62, 51, 33]"
2918,"[62, 34, 62]"
2919,"[46, 54, 36]"
2920,"[62, 29, 8]"
2921,"[12, 5, 51]"
2922,"[35, 4, 58]"
2923,"[9, 24, 47]"
2924,"[7, 38, 21]"
2925,"[62, 32, 63]"
2926,"[62, 55, 24]"
2927,"[62, 0, 42]"
2928,"[12, 5, 31]"
2929,"[42, 35, 61]"
2930,"[52, 35, 10]"
2931,"[0, 14, 36]"
2932,"[62, 33, 14]"
2933,"[57, 23, 39]"
2934,"[8, 37, 35]"
2935,"[52, 13, 46]"
2936,"[62, 38, 34]"
2937,"[42, 50, 54]"
2938,"[60, 9, 63]"
2939,"[62, 49, 0]"
2940,"[62, 22, 42]"
2941,"[21, 30, 11]"
2942,"[52, 26, 18]"
2943,"[7, 22, 3]"
2944,"[62, 55, 27]"
2945,"[62, 42, 13]"
2946,"[0, 49, 53]"
2947,"[14, 35, 26]"
2948,"[52, 47, 41]"
2949,"[35, 37, 55]"
2950,"[42, 22, 61]"
2951,"[29, 3, 49]"
2952,"[1, 0, 11]"
2953,"[62, 40, 2]"
2954,"[62, 23, 42]"
2955,"[62, 7, 60]"
2956,"[62, 58, 0]"
2957,"[62, 33, 15]"
2958,"[1, 19, 16]"
2959,"[52, 13, 53]"
2960,"[52, 13, 54]"
2961,"[19, 50, 61]"
2962,"[10, 29, 58]"
2963,"[62, 57, 28]"
2964,"[62, 9, 51]"
2965,"[52, 22, 47]"
2966,"[48, 42, 28]"
2967,"[21, 48, 59]"
2968,"[17, 17, 48]"
2969,"[38, 48, 5]"
2970,"[62, 30, 36]"
2971,"[62, 45, 43]"
2972,"[1, 12, 25]"
2973,"[45, 53, 39]"
2974,"[46, 54, 9]"
2975,"[62, 27, 62]"
2976,"[62, 63, 0]"
2977,"[13, 11, 29]"
2978,"[62, 46, 37]"
2979,"[62, 16, 22]"
2980,"[36, 4, 46]"
2981,"[49, 28, 11]"
2982,"[62, 20, 10]"
2983,"[52, 47, 2]"
2984,"[4, 41, 18]"
2985,"[1, 16, 33]"
2986,"[45, 51, 35]"
2987,"[36, 15, 20]"
2988,"[62, 1, 37]"
2989,"[46, 3, 52]"
2990,"[13, 38, 29]"
2991,"[13, 61, 58]"
2992,"[13, 53, 5]"
2993,"[5, 6, 40]"
2994,"[23, 30, 46]"
2995,"[62, 49, 0]"
2996,"[42, 19, 31]"
2997,"[8, 39, 55]"
2998,"[8, 35, 51]"
2999,"[52, 62, 17]"
3000,"[62, 43, 56]"
3001,"[52, 15, 54]"
3002,"[41, 38, 38]"
3003,"[39, 39, 58]"
3004,"[45, 52, 4]"
3005,"[45, 40, 63]"
3006,"[62, 57, 19]"
3007,"[62, 5, 21]"
3008,"[27, 24, 59]"
3009,"[52, 28, 36]"
3010,"[62, 63, 42]"
3011,"[35, 50, 61]"
3012,"[62, 34, 22]"
3013,"[58, 56, 1]"
3014,"[62, 18, 50]"
3015,"[62, 33, 34]"
3016,"[2, 14, 18]"
3017,"[62, 36, 7]"
3018,"[42, 45, 32]"
3019,"[1, 58, 37]"
3020,"[27, 24, 4]"
3021,"[19, 21, 27]"
3022,"[19, 9, 49]"
3023,"[62, 55, 63]"
3024,"[62, 51, 33]"
3025,"[52, 44, 3]"
3026,"[62, 63, 15]"
3027,"[52, 44, 3]"
3028,"[62, 20, 14]"
3029,"[7, 60, 23]"
3030,"[52, 26, 10]"
3031,"[62, 14, 41]"
3032,"[62, 57, 59]"
3033,"[12, 43, 37]"
3034,"[3, 56, 43]"
3035,"[62, 0, 7]"
3036,"[40, 6, 6]"
3037,"[22, 25, 47]"
3038,"[21, 10, 8]"
3039,"[62, 59, 14]"
3040,"[62, 1, 21]"
3041,"[1, 2, 13]"
3042,"[52, 25, 6]"
3043,"[62, 36, 15]"
3044,"[36, 11, 9]"
3045,"[62, 60, 24]"
3046,"[45, 49, 39]"
3047,"[21, 31, 47]"
3048,"[3, 21, 57]"
3049,"[1, 18, 50]"
3050,"[52, 47, 31]"
3051,"[62, 31, 56]"
3052,"[15, 29, 12]"
3053,"[1, 59, 16]"
3054,"[61, 23, 38]"
3055,"[14, 26, 12]"
3056,"[46, 54, 45]"
3057,"[29, 27, 30]"
3058,"[17, 17, 52]"
3059,"[15, 61, 1]"
3060,"[62, 0, 44]"
3061,"[60, 52, 35]"
3062,"[9, 8, 35]"
3063,"[62, 33, 62]"
3064,"[62, 57, 19]"
3065,"[62, 7, 60]"
3066,"[1, 12, 25]"
3067,"[63, 21, 30]"
3068,"[62, 41, 38]"
3069,"[1, 2, 56]"
3070,"[21, 10, 8]"
3071,"[62, 32, 44]"
3072,"[15, 43, 2]"
3073,"[62, 36, 7]"
3074,"[62, 30, 62]"
3075,"[62, 48, 57]"
3076,"[62, 3, 31]"
3077,"[0, 10, 6]"
3078,"[52, 10, 18]"
3079,"[3, 62, 53]"
3080,"[46, 54, 52]"
3081,"[41, 3, 41]"
3082,"[52, 44, 26]"
3083,"[7, 60, 23]"
3084,"[62, 8, 42]"
3085,"[45, 41, 48]"
3086,"[62, 42, 39]"
3087,"[52, 4, 17]"
3088,"[62, 37, 8]"
3089,"[20, 31, 2]"
3090,"[1, 27, 63]"
3091,"[35, 9, 51]"
3092,"[52, 11, 47]"
3093,"[8, 39, 12]"
3094,"[62, 57, 59]"
3095,"[62, 0, 8]"
3096,"[62, 45, 0]"
3097,"[62, 0, 14]"
3098,"[52, 35, 10]"
3099,"[23, 23, 38]"
3100,"[49, 6, 40]"
3101,"[61, 25, 35]"
3102,"[52, 15, 46]"
3103,"[62, 42, 39]"
3104,"[62, 51, 33]"
3105,"[14, 3, 41]"
3106,"[1, 58, 21]"
3107,"[29, 56, 1]"
3108,"[62, 62, 22]"
3109,"[63, 32, 5]"
3110,"[61, 56, 1]"
3111,"[62, 16, 33]"
3112,"[1, 2, 32]"
3113,"[62, 33, 32]"
3114,"[52, 32, 18]"
3115,"[62, 55, 56]"
3116,"[12, 38, 21]"
3117,"[62, 63, 42]"
3118,"[62, 7, 60]"
3119,"[62, 60, 11]"
3120,"[29, 35, 50]"
3121,"[62, 8, 43]"
3122,"[1, 2, 56]"
3123,"[62, 27, 19]"
3124,"[10, 22, 20]"
3125,"[10, 29, 4]"
3126,"[10, 38, 6]"
3127,"[10, 22, 61]"
3128,"[10, 29, 36]"
3129,"[59, 17, 27]"
3130,"[53, 22, 61]"
3131,"[62, 16, 50]"
3132,"[14, 4, 29]"
3133,"[62, 18, 22]"
3134,"[14, 53, 5]"
3135,"[62, 20, 5]"
3136,"[5, 26, 49]"
3137,"[10, 19, 16]"
3138,"[10, 61, 48]"
3139,"[62, 49, 37]"
3140,"[20, 59, 13]"
3141,"[62, 58, 37]"
3142,"[62, 34, 15]"
3143,"[52, 13, 46]"
3144,"[1, 13, 52]"
3145,"[58, 47, 9]"
3146,"[8, 37, 35]"
3147,"[62, 46, 37]"
3148,"[62, 16, 34]"
3149,"[62, 5, 14]"
3150,"[0, 10, 10]"
3151,"[62, 34, 62]"
3152,"[1, 55, 16]"
3153,"[12, 14, 3]"
3154,"[62, 33, 39]"
3155,"[4, 50, 29]"
3156,"[9, 24, 55]"
3157,"[52, 48, 54]"
3158,"[60, 11, 12]"
3159,"[20, 31, 28]"
3160,"[13, 21, 58]"
3161,"[62, 51, 44]"
3162,"[42, 30, 11]"
3163,"[62, 20, 63]"
3164,"[62, 63, 43]"
3165,"[58, 41, 27]"
3166,"[22, 52, 47]"
3167,"[19, 39, 20]"
3168,"[10, 25, 58]"
3169,"[52, 44, 45]"
3170,"[62, 19, 15]"
3171,"[62, 36, 25]"
3172,"[21, 61, 53]"
3173,"[41, 24, 59]"
3174,"[62, 47, 57]"
3175,"[60, 40, 30]"
3176,"[5, 26, 49]"
3177,"[62, 51, 44]"
3178,"[49, 23, 38]"
3179,"[42, 40, 40]"
3180,"[62, 52, 57]"
3181,"[62, 12, 25]"
3182,"[60, 17, 45]"
3183,"[52, 15, 54]"
3184,"[26, 59, 9]"
3185,"[46, 54, 6]"
3186,"[38, 6, 36]"
3187,"[1, 12, 9]"
3188,"[63, 21, 30]"
3189,"[62, 1, 7]"
3190,"[62, 7, 60]"
3191,"[62, 43, 24]"
3192,"[62, 57, 59]"
3193,"[4, 28, 26]"
3194,"[58, 27, 3]"
3195,"[26, 45, 13]"
3196,"[52, 28, 17]"
3197,"[33, 53, 55]"
3198,"[62, 63, 43]"
3199,"[62, 18, 50]"
3200,"[62, 5, 21]"
3201,"[2, 41, 48]"
3202,"[28, 4, 38]"
3203,"[63, 40, 55]"
3204,"[61, 48, 53]"
3205,"[62, 55, 56]"
3206,"[13, 38, 29]"
3207,"[21, 10, 39]"
3208,"[62, 59, 16]"
3209,"[62, 43, 56]"
3210,"[1, 62, 40]"
3211,"[48, 14, 12]"
3212,"[62, 52, 26]"
3213,"[32, 1, 1]"
3214,"[26, 59, 59]"
3215,"[53, 38, 26]"
3216,"[52, 47, 31]"
3217,"[1, 16, 33]"
3218,"[62, 56, 41]"
3219,"[28, 29, 29]"
3220,"[20, 31, 36]"
3221,"[35, 15, 49]"
3222,"[62, 61, 20]"
3223,"[46, 54, 6]"
3224,"[62, 34, 15]"
3225,"[52, 44, 45]"
3226,"[52, 32, 61]"
3227,"[52, 46, 18]"
3228,"[52, 47, 5]"
3229,"[19, 39, 59]"
3230,"[28, 9, 46]"
3231,"[1, 49, 21]"
3232,"[62, 37, 8]"
3233,"[57, 18, 32]"
3234,"[51, 25, 39]"
3235,"[26, 20, 28]"
3236,"[48, 3, 27]"
3237,"[61, 54, 19]"
3238,"[63, 2, 24]"
3239,"[51, 53, 12]"
3240,"[62, 34, 22]"
3241,"[62, 57, 57]"
3242,"[42, 42, 42]"
3243,"[62, 36, 7]"
3244,"[62, 45, 16]"
3245,"[20, 31, 18]"
3246,"[62, 62, 32]"
3247,"[20, 11, 54]"
3248,"[62, 61, 30]"
3249,"[22, 50, 47]"
3250,"[20, 31, 4]"
3251,"[22, 27, 30]"
3252,"[52, 28, 36]"
3253,"[62, 44, 62]"
3254,"[7, 17, 23]"
3255,"[52, 8, 3]"
3256,"[62, 42, 42]"
3257,"[62, 5, 21]"
3258,"[25, 48, 48]"
3259,"[62, 23, 15]"
3260,"[52, 8, 43]"
3261,"[3, 22, 45]"
3262,"[52, 15, 53]"
3263,"[62, 21, 34]"
3264,"[48, 35, 50]"
3265,"[62, 26, 42]"
3266,"[22, 41, 10]"
3267,"[52, 55, 2]"
3268,"[46, 6, 52]"
3269,"[22, 17, 10]"
3270,"[62, 12, 25]"
3271,"[52, 10, 52]"
3272,"[8, 37, 35]"
3273,"[62, 63, 50]"
3274,"[62, 55, 56]"
3275,"[1, 58, 37]"
3276,"[62, 62, 22]"
3277,"[52, 8, 43]"
3278,"[62, 63, 44]"
3279,"[57, 45, 8]"
3280,"[48, 3, 27]"
3281,"[62, 43, 34]"
3282,"[62, 60, 23]"
3283,"[62, 33, 14]"
3284,"[22, 50, 61]"
3285,"[62, 37, 35]"
3286,"[62, 0, 8]"
3287,"[62, 20, 51]"
3288,"[10, 24, 9]"
3289,"[22, 61, 1]"
3290,"[4, 6, 13]"
3291,"[1, 7, 19]"
3292,"[62, 7, 60]"
3293,"[62, 33, 14]"
3294,"[62, 29, 8]"
3295,"[62, 63, 57]"
3296,"[33, 21, 28]"
3297,"[29, 30, 9]"
3298,"[4, 23, 60]"
3299,"[62, 5, 21]"
3300,"[62, 51, 63]"
3301,"[62, 27, 31]"
3302,"[1, 19, 6]"
3303,"[52, 30, 17]"
3304,"[62, 36, 22]"
3305,"[62, 56, 33]"
3306,"[5, 26, 49]"
3307,"[20, 31, 58]"
3308,"[62, 9, 51]"
3309,"[20, 31, 36]"
3310,"[20, 31, 28]"
3311,"[1, 60, 11]"
3312,"[52, 46, 47]"
3313,"[8, 52, 17]"
3314,"[62, 34, 62]"
3315,"[2, 35, 49]"
3316,"[52, 13, 4]"
3317,"[1, 58, 37]"
3318,"[5, 39, 13]"
3319,"[1, 12, 25]"
3320,"[1, 12, 7]"
3321,"[62, 16, 40]"
3322,"[62, 42, 17]"
3323,"[28, 28, 55]"
3324,"[23, 25, 38]"
3325,"[52, 32, 41]"
3326,"[62, 51, 63]"
3327,"[52, 47, 5]"
3328,"[1, 58, 62]"
3329,"[0, 62, 3]"
3330,"[62, 10, 38]"
3331,"[8, 1, 7]"
3332,"[41, 35, 29]"
3333,"[62, 63, 57]"
3334,"[10, 41, 50]"
3335,"[62, 45, 14]"
3336,"[62, 42, 14]"
3337,"[1, 2, 38]"
3338,"[62, 49, 0]"
3339,"[22, 17, 53]"
3340,"[62, 43, 56]"
3341,"[46, 61, 37]"
3342,"[57, 22, 41]"
3343,"[57, 8, 43]"
3344,"[46, 6, 52]"
3345,"[1, 27, 16]"
3346,"[60, 40, 45]"
3347,"[41, 41, 35]"
3348,"[58, 13, 9]"
3349,"[7, 9, 3]"
3350,"[62, 59, 32]"
3351,"[63, 47, 47]"
3352,"[4, 50, 29]"
3353,"[48, 50, 20]"
3354,"[62, 14, 44]"
3355,"[1, 36, 25]"
3356,"[38, 6, 36]"
3357,"[32, 1, 1]"
3358,"[21, 16, 60]"
3359,"[52, 28, 36]"
3360,"[52, 11, 61]"
3361,"[62, 18, 63]"
3362,"[1, 59, 40]"
3363,"[62, 46, 37]"
3364,"[62, 58, 60]"
3365,"[62, 35, 10]"
3366,"[62, 27, 32]"
3367,"[62, 37, 8]"
3368,"[62, 0, 7]"
3369,"[52, 28, 36]"
3370,"[52, 47, 31]"
3371,"[7, 60, 23]"
3372,"[17, 17, 28]"
3373,"[52, 42, 54]"
3374,"[36, 22, 16]"
3375,"[52, 15, 54]"
3376,"[35, 53, 58]"
3377,"[26, 60, 13]"
3378,"[0, 10, 29]"
3379,"[62, 52, 34]"
3380,"[48, 21, 20]"
3381,"[48, 4, 49]"
3382,"[8, 38, 18]"
3383,"[22, 19, 5]"
3384,"[49, 23, 6]"
3385,"[9, 26, 52]"
3386,"[62, 19, 31]"
3387,"[62, 44, 15]"
3388,"[9, 15, 9]"
3389,"[45, 7, 19]"
3390,"[62, 60, 10]"
3391,"[20, 31, 2]"
3392,"[60, 29, 48]"
3393,"[46, 62, 52]"
3394,"[35, 53, 4]"
3395,"[7, 30, 46]"
3396,"[21, 48, 30]"
3397,"[62, 42, 19]"
3398,"[46, 54, 6]"
3399,"[35, 56, 58]"
3400,"[20, 31, 2]"
3401,"[21, 10, 39]"
3402,"[45, 21, 55]"
3403,"[62, 20, 28]"
3404,"[62, 55, 56]"
3405,"[51, 40, 4]"
3406,"[46, 6, 35]"
3407,"[33, 13, 45]"
3408,"[25, 30, 46]"
3409,"[62, 49, 0]"
3410,"[62, 52, 22]"
3411,"[62, 51, 33]"
3412,"[61, 7, 21]"
3413,"[1, 12, 25]"
3414,"[62, 33, 34]"
3415,"[48, 25, 12]"
3416,"[62, 43, 24]"
3417,"[48, 39, 12]"
3418,"[62, 45, 51]"
3419,"[62, 5, 59]"
3420,"[48, 3, 27]"
3421,"[48, 34, 20]"
3422,"[48, 14, 27]"
3423,"[53, 4, 26]"
3424,"[61, 48, 5]"
3425,"[9, 37, 55]"
3426,"[51, 25, 1]"
3427,"[62, 57, 57]"
3428,"[52, 10, 59]"
3429,"[62, 37, 18]"
3430,"[62, 32, 21]"
3431,"[1, 2, 48]"
3432,"[62, 36, 34]"
3433,"[48, 3, 49]"
3434,"[46, 54, 9]"
3435,"[62, 44, 60]"
3436,"[57, 18, 41]"
3437,"[62, 33, 8]"
3438,"[62, 29, 16]"
3439,"[61, 24, 19]"
3440,"[21, 11, 17]"
3441,"[52, 32, 61]"
3442,"[22, 20, 51]"
3443,"[62, 38, 22]"
3444,"[62, 0, 7]"
3445,"[3, 26, 17]"
3446,"[8, 24, 53]"
3447,"[62, 16, 33]"
3448,"[1, 49, 0]"
3449,"[62, 9, 30]"
3450,"[1, 57, 42]"
3451,"[5, 39, 23]"
3452,"[9, 55, 18]"
3453,"[26, 6, 11]"
3454,"[62, 58, 15]"
3455,"[62, 8, 43]"
3456,"[62, 8, 43]"
3457,"[49, 19, 59]"
3458,"[51, 18, 50]"
3459,"[48, 47, 28]"
3460,"[42, 56, 5]"
3461,"[62, 52, 11]"
3462,"[38, 48, 53]"
3463,"[38, 48, 63]"
3464,"[62, 55, 56]"
3465,"[20, 11, 2]"
3466,"[0, 25, 53]"
3467,"[21, 9, 46]"
3468,"[8, 24, 53]"
3469,"[62, 49, 23]"
3470,"[7, 33, 8]"
3471,"[62, 56, 15]"
3472,"[19, 30, 20]"
3473,"[3, 4, 60]"
3474,"[26, 60, 11]"
3475,"[58, 33, 40]"
3476,"[62, 20, 63]"
3477,"[61, 21, 21]"
3478,"[52, 9, 47]"
3479,"[52, 9, 34]"
3480,"[62, 12, 25]"
3481,"[62, 43, 24]"
3482,"[62, 63, 0]"
3483,"[52, 45, 31]"
3484,"[8, 45, 35]"
3485,"[42, 30, 30]"
3486,"[25, 19, 48]"
3487,"[3, 42, 16]"
3488,"[52, 47, 41]"
3489,"[16, 46, 38]"
3490,"[45, 35, 49]"
3491,"[52, 28, 36]"
3492,"[62, 34, 62]"
3493,"[62, 29, 56]"
3494,"[62, 58, 22]"
3495,"[58, 35, 6]"
3496,"[51, 22, 1]"
3497,"[62, 57, 14]"
3498,"[52, 44, 45]"
3499,"[19, 10, 41]"
3500,"[45, 13, 57]"
3501,"[52, 21, 4]"
3502,"[62, 28, 33]"
3503,"[62, 0, 42]"
3504,"[62, 27, 48]"
3505,"[62, 1, 37]"
3506,"[15, 43, 4]"
3507,"[36, 23, 9]"
3508,"[62, 5, 14]"
3509,"[4, 54, 58]"
3510,"[62, 1, 57]"
3511,"[62, 20, 52]"
3512,"[62, 0, 27]"
3513,"[52, 32, 61]"
3514,"[62, 7, 60]"
3515,"[0, 35, 3]"
3516,"[51, 25, 51]"
3517,"[62, 63, 44]"
3518,"[20, 31, 18]"
3519,"[1, 16, 21]"
3520,"[20, 31, 42]"
3521,"[9, 24, 8]"
3522,"[62, 55, 39]"
3523,"[31, 3, 26]"
3524,"[52, 15, 46]"
3525,"[62, 5, 10]"
3526,"[4, 50, 29]"
3527,"[8, 37, 35]"
3528,"[5, 39, 12]"
3529,"[1, 2, 24]"
3530,"[35, 59, 13]"
3531,"[22, 61, 28]"
3532,"[40, 6, 36]"
3533,"[62, 58, 0]"
3534,"[22, 50, 30]"
3535,"[52, 22, 31]"
3536,"[62, 16, 22]"
3537,"[29, 46, 7]"
3538,"[62, 7, 34]"
3539,"[62, 51, 63]"
3540,"[62, 34, 15]"
3541,"[52, 44, 12]"
3542,"[24, 18, 50]"
3543,"[28, 29, 52]"
3544,"[51, 53, 25]"
3545,"[51, 53, 5]"
3546,"[20, 31, 2]"
3547,"[26, 59, 59]"
3548,"[62, 40, 45]"
3549,"[26, 54, 51]"
3550,"[62, 62, 0]"
3551,"[52, 10, 3]"
3552,"[0, 38, 29]"
3553,"[62, 51, 63]"
3554,"[51, 14, 32]"
3555,"[8, 11, 32]"
3556,"[1, 18, 50]"
3557,"[42, 19, 6]"
3558,"[62, 49, 37]"
3559,"[16, 17, 18]"
3560,"[51, 53, 55]"
3561,"[45, 39, 20]"
3562,"[1, 12, 7]"
3563,"[58, 8, 16]"
3564,"[41, 36, 10]"
3565,"[60, 60, 23]"
3566,"[41, 13, 38]"
3567,"[51, 17, 1]"
3568,"[62, 37, 39]"
3569,"[22, 52, 30]"
3570,"[62, 63, 13]"
3571,"[62, 14, 61]"
3572,"[63, 3, 17]"
3573,"[52, 62, 17]"
3574,"[52, 26, 54]"
3575,"[8, 26, 54]"
3576,"[52, 62, 17]"
3577,"[1, 2, 24]"
3578,"[1, 26, 33]"
3579,"[49, 41, 49]"
3580,"[62, 32, 19]"
3581,"[7, 38, 55]"
3582,"[10, 4, 24]"
3583,"[20, 31, 58]"
3584,"[62, 33, 27]"
3585,"[62, 52, 21]"
3586,"[41, 24, 35]"
3587,"[62, 27, 9]"
3588,"[26, 40, 11]"
3589,"[62, 40, 3]"
3590,"[62, 8, 43]"
3591,"[62, 5, 14]"
3592,"[28, 29, 29]"
3593,"[58, 6, 3]"
3594,"[49, 23, 52]"
3595,"[62, 34, 48]"
3596,"[62, 10, 23]"
3597,"[57, 14, 47]"
3598,"[62, 6, 51]"
3599,"[62, 16, 52]"
3600,"[62, 56, 39]"
3601,"[4, 60, 13]"
3602,"[1, 2, 24]"
3603,"[8, 45, 10]"
3604,"[62, 52, 22]"
3605,"[3, 59, 13]"
3606,"[62, 54, 33]"
3607,"[57, 30, 9]"
3608,"[51, 53, 5]"
3609,"[20, 31, 58]"
3610,"[52, 32, 54]"
3611,"[22, 61, 51]"
3612,"[13, 53, 29]"
3613,"[62, 22, 21]"
3614,"[60, 38, 12]"
3615,"[1, 55, 56]"
3616,"[52, 47, 41]"
3617,"[62, 63, 44]"
3618,"[48, 23, 20]"
3619,"[62, 1, 39]"
3620,"[52, 47, 5]"
3621,"[59, 56, 1]"
3622,"[52, 25, 15]"
3623,"[52, 26, 17]"
3624,"[7, 35, 19]"
3625,"[12, 37, 36]"
3626,"[58, 50, 61]"
3627,"[10, 39, 31]"
3628,"[62, 7, 60]"
3629,"[48, 3, 27]"
3630,"[62, 27, 31]"
3631,"[17, 21, 16]"
3632,"[27, 7, 57]"
3633,"[21, 10, 61]"
3634,"[4, 9, 4]"
3635,"[4, 50, 20]"
3636,"[52, 46, 18]"
3637,"[28, 9, 46]"
3638,"[7, 48, 23]"
3639,"[62, 20, 27]"
3640,"[8, 37, 35]"
3641,"[52, 60, 31]"
3642,"[31, 3, 55]"
3643,"[62, 43, 34]"
3644,"[39, 28, 38]"
3645,"[62, 20, 58]"
3646,"[62, 55, 56]"
3647,"[36, 25, 46]"
3648,"[52, 10, 18]"
3649,"[62, 43, 24]"
3650,"[7, 29, 4]"
3651,"[52, 28, 45]"
3652,"[1, 18, 38]"
3653,"[27, 38, 1]"
3654,"[3, 8, 15]"
3655,"[62, 36, 7]"
3656,"[7, 41, 49]"
3657,"[61, 48, 19]"
3658,"[17, 17, 48]"
3659,"[62, 42, 50]"
3660,"[62, 62, 0]"
3661,"[35, 14, 55]"
3662,"[49, 45, 28]"
3663,"[62, 18, 50]"
3664,"[52, 44, 39]"
3665,"[1, 12, 25]"
3666,"[62, 15, 32]"
3667,"[52, 11, 53]"
3668,"[62, 5, 14]"
3669,"[62, 63, 50]"
3670,"[1, 2, 44]"
3671,"[8, 39, 18]"
3672,"[62, 49, 30]"
3673,"[62, 12, 2]"
3674,"[22, 41, 47]"
3675,"[27, 44, 25]"
3676,"[17, 17, 28]"
3677,"[62, 42, 42]"
3678,"[57, 18, 32]"
3679,"[62, 36, 7]"
3680,"[49, 19, 42]"
3681,"[22, 22, 10]"
3682,"[62, 62, 22]"
3683,"[62, 0, 22]"
3684,"[42, 30, 40]"
3685,"[62, 62, 0]"
3686,"[62, 57, 59]"
3687,"[62, 19, 15]"
3688,"[52, 15, 53]"
3689,"[62, 1, 16]"
3690,"[52, 9, 17]"
3691,"[62, 33, 23]"
3692,"[62, 57, 57]"
3693,"[62, 32, 63]"
3694,"[1, 58, 37]"
3695,"[3, 26, 30]"
3696,"[1, 16, 19]"
3697,"[20, 31, 58]"
3698,"[58, 13, 45]"
3699,"[17, 17, 51]"
3700,"[62, 34, 62]"
3701,"[62, 51, 63]"
3702,"[9, 24, 47]"
3703,"[13, 21, 34]"
3704,"[4, 54, 26]"
3705,"[62, 46, 62]"
3706,"[40, 4, 6]"
3707,"[20, 31, 2]"
3708,"[20, 31, 36]"
3709,"[62, 5, 8]"
3710,"[1, 58, 37]"
3711,"[53, 13, 26]"
3712,"[62, 20, 58]"
3713,"[62, 20, 58]"
3714,"[62, 27, 14]"
3715,"[1, 58, 62]"
3716,"[62, 9, 51]"
3717,"[62, 6, 40]"
3718,"[48, 3, 28]"
3719,"[19, 35, 13]"
3720,"[28, 50, 61]"
3721,"[52, 22, 41]"
3722,"[21, 10, 48]"
3723,"[62, 20, 1]"
3724,"[62, 46, 37]"
3725,"[23, 41, 38]"
3726,"[20, 11, 2]"
3727,"[62, 37, 11]"
3728,"[62, 22, 41]"
3729,"[52, 28, 61]"
3730,"[62, 56, 27]"
3731,"[62, 33, 29]"
3732,"[52, 4, 59]"
3733,"[27, 24, 18]"
3734,"[62, 49, 26]"
3735,"[62, 49, 16]"
3736,"[25, 48, 25]"
3737,"[52, 30, 9]"
3738,"[62, 12, 17]"
3739,"[62, 8, 17]"
3740,"[62, 58, 42]"
3741,"[62, 59, 56]"
3742,"[5, 26, 49]"
3743,"[62, 1, 21]"
3744,"[14, 14, 6]"
3745,"[62, 57, 19]"
3746,"[33, 53, 5]"
3747,"[10, 38, 9]"
3748,"[62, 59, 16]"
3749,"[40, 6, 52]"
3750,"[62, 16, 34]"
3751,"[1, 23, 33]"
3752,"[52, 44, 12]"
3753,"[1, 19, 45]"
3754,"[62, 60, 23]"
3755,"[22, 54, 55]"
3756,"[62, 52, 41]"
3757,"[1, 19, 48]"
3758,"[52, 39, 54]"
3759,"[52, 9, 17]"
3760,"[62, 18, 50]"
3761,"[12, 5, 31]"
3762,"[12, 37, 3]"
3763,"[62, 34, 30]"
3764,"[57, 45, 13]"
3765,"[13, 15, 52]"
3766,"[62, 7, 53]"
3767,"[63, 42, 1]"
3768,"[62, 57, 57]"
3769,"[62, 43, 24]"
3770,"[62, 0, 8]"
3771,"[57, 45, 35]"
3772,"[62, 32, 28]"
3773,"[4, 13, 52]"
3774,"[62, 46, 32]"
3775,"[13, 33, 45]"
3776,"[62, 36, 25]"
3777,"[62, 42, 42]"
3778,"[62, 62, 31]"
3779,"[62, 27, 0]"
3780,"[60, 47, 59]"
3781,"[62, 52, 11]"
3782,"[62, 2, 24]"
3783,"[49, 25, 50]"
3784,"[25, 40, 5]"
3785,"[62, 2, 62]"
3786,"[62, 55, 56]"
3787,"[62, 16, 22]"
3788,"[22, 17, 10]"
3789,"[62, 1, 19]"
3790,"[58, 15, 1]"
3791,"[62, 0, 40]"
3792,"[62, 32, 39]"
3793,"[57, 24, 44]"
3794,"[62, 7, 60]"
3795,"[62, 35, 50]"
3796,"[1, 2, 29]"
3797,"[5, 26, 49]"
3798,"[62, 0, 14]"
3799,"[52, 13, 4]"
3800,"[62, 5, 21]"
3801,"[62, 56, 18]"
3802,"[62, 29, 8]"
3803,"[42, 25, 15]"
3804,"[22, 23, 15]"
3805,"[53, 50, 12]"
3806,"[46, 54, 36]"
3807,"[62, 51, 63]"
3808,"[62, 1, 32]"
3809,"[53, 61, 46]"
3810,"[46, 61, 37]"
3811,"[62, 47, 56]"
3812,"[60, 60, 51]"
3813,"[20, 31, 36]"
3814,"[62, 36, 7]"
3815,"[62, 17, 27]"
3816,"[52, 30, 38]"
3817,"[21, 41, 30]"
3818,"[20, 31, 36]"
3819,"[20, 31, 2]"
3820,"[21, 48, 16]"
3821,"[52, 62, 35]"
3822,"[0, 10, 6]"
3823,"[52, 44, 45]"
3824,"[62, 43, 24]"
3825,"[23, 14, 55]"
3826,"[52, 4, 4]"
3827,"[8, 39, 20]"
3828,"[62, 63, 43]"
3829,"[29, 3, 26]"
3830,"[33, 53, 47]"
3831,"[62, 38, 34]"
3832,"[62, 16, 22]"
3833,"[52, 8, 43]"
3834,"[52, 11, 61]"
3835,"[62, 55, 44]"
3836,"[62, 7, 60]"
3837,"[1, 12, 7]"
3838,"[52, 28, 40]"
3839,"[22, 17, 47]"
3840,"[42, 22, 61]"
3841,"[62, 17, 53]"
3842,"[42, 25, 39]"
3843,"[62, 43, 39]"
3844,"[62, 5, 21]"
3845,"[41, 38, 41]"
3846,"[62, 43, 24]"
3847,"[22, 10, 54]"
3848,"[62, 63, 43]"
3849,"[62, 51, 26]"
3850,"[62, 63, 43]"
3851,"[8, 39, 51]"
3852,"[35, 53, 5]"
3853,"[29, 26, 49]"
3854,"[62, 37, 31]"
3855,"[62, 32, 42]"
3856,"[51, 52, 29]"
3857,"[62, 16, 33]"
3858,"[1, 13, 52]"
3859,"[1, 12, 13]"
3860,"[62, 62, 9]"
3861,"[48, 3, 27]"
3862,"[29, 4, 30]"
3863,"[4, 15, 17]"
3864,"[57, 45, 13]"
3865,"[62, 20, 3]"
3866,"[62, 27, 48]"
3867,"[62, 27, 36]"
3868,"[62, 19, 42]"
3869,"[62, 40, 3]"
3870,"[20, 35, 10]"
3871,"[57, 36, 7]"
3872,"[1, 22, 45]"
3873,"[62, 20, 58]"
3874,"[62, 59, 10]"
3875,"[1, 60, 40]"
3876,"[1, 58, 60]"
3877,"[49, 28, 38]"
3878,"[52, 15, 17]"
3879,"[8, 9, 12]"
3880,"[20, 31, 2]"
3881,"[62, 44, 8]"
3882,"[62, 62, 41]"
3883,"[62, 46, 32]"
3884,"[20, 31, 2]"
3885,"[62, 37, 35]"
3886,"[62, 0, 23]"
3887,"[62, 34, 62]"
3888,"[62, 59, 34]"
3889,"[62, 1, 37]"
3890,"[62, 55, 56]"
3891,"[1, 12, 25]"
3892,"[62, 57, 0]"
3893,"[52, 32, 45]"
3894,"[27, 7, 48]"
3895,"[63, 48, 59]"
3896,"[62, 27, 40]"
3897,"[20, 47, 9]"
3898,"[62, 23, 33]"
3899,"[62, 10, 8]"
3900,"[62, 40, 37]"
3901,"[9, 24, 47]"
3902,"[22, 41, 30]"
3903,"[52, 26, 18]"
3904,"[62, 18, 50]"
3905,"[22, 49, 11]"
3906,"[62, 33, 14]"
3907,"[21, 6, 11]"
3908,"[62, 46, 56]"
3909,"[62, 18, 22]"
3910,"[52, 60, 23]"
3911,"[62, 51, 44]"
3912,"[62, 27, 31]"
3913,"[1, 12, 25]"
3914,"[52, 11, 6]"
3915,"[62, 9, 51]"
3916,"[19, 24, 20]"
3917,"[52, 47, 5]"
3918,"[53, 50, 49]"
3919,"[62, 33, 14]"
3920,"[52, 30, 53]"
3921,"[27, 39, 59]"
3922,"[62, 28, 57]"
3923,"[22, 30, 6]"
3924,"[1, 16, 22]"
3925,"[7, 25, 49]"
3926,"[28, 29, 29]"
3927,"[61, 14, 46]"
3928,"[4, 50, 28]"
3929,"[42, 21, 42]"
3930,"[62, 8, 43]"
3931,"[62, 5, 21]"
3932,"[52, 13, 54]"
3933,"[13, 61, 47]"
3934,"[27, 61, 1]"
3935,"[1, 58, 15]"
3936,"[62, 14, 47]"
3937,"[62, 63, 50]"
3938,"[3, 4, 18]"
3939,"[62, 37, 30]"
3940,"[1, 2, 27]"
3941,"[42, 56, 18]"
3942,"[59, 56, 1]"
3943,"[15, 21, 26]"
3944,"[1, 19, 16]"
3945,"[49, 23, 22]"
3946,"[62, 42, 16]"
3947,"[10, 42, 31]"
3948,"[46, 54, 12]"
3949,"[13, 38, 35]"
3950,"[62, 62, 37]"
3951,"[62, 51, 63]"
3952,"[14, 14, 55]"
3953,"[46, 54, 36]"
3954,"[62, 44, 8]"
3955,"[62, 48, 62]"
3956,"[1, 55, 19]"
3957,"[62, 1, 19]"
3958,"[62, 35, 58]"
3959,"[27, 6, 52]"
3960,"[62, 7, 60]"
3961,"[29, 35, 61]"
3962,"[7, 17, 55]"
3963,"[20, 11, 2]"
3964,"[62, 1, 21]"
3965,"[62, 44, 60]"
3966,"[0, 52, 4]"
3967,"[62, 36, 44]"
3968,"[62, 62, 37]"
3969,"[62, 43, 24]"
3970,"[62, 51, 44]"
3971,"[52, 24, 38]"
3972,"[38, 48, 10]"
3973,"[29, 13, 23]"
3974,"[21, 10, 58]"
3975,"[62, 60, 23]"
3976,"[20, 31, 2]"
3977,"[22, 50, 9]"
3978,"[26, 26, 11]"
3979,"[62, 63, 42]"
3980,"[62, 7, 57]"
3981,"[62, 47, 57]"
3982,"[62, 36, 25]"
3983,"[63, 54, 42]"
3984,"[62, 42, 40]"
3985,"[62, 49, 37]"
3986,"[17, 17, 1]"
3987,"[62, 27, 4]"
3988,"[1, 2, 15]"
3989,"[42, 19, 31]"
3990,"[52, 47, 9]"
3991,"[49, 41, 59]"
3992,"[62, 50, 29]"
3993,"[40, 52, 44]"
3994,"[39, 23, 38]"
3995,"[10, 38, 16]"
3996,"[8, 39, 12]"
3997,"[62, 16, 60]"
3998,"[62, 52, 5]"
3999,"[48, 3, 27]"
4000,"[62, 56, 52]"
4001,"[52, 11, 10]"
4002,"[62, 12, 25]"
4003,"[41, 20, 51]"
4004,"[13, 6, 53]"
4005,"[7, 22, 3]"
4006,"[52, 11, 35]"
4007,"[41, 15, 59]"
4008,"[62, 29, 34]"
4009,"[46, 6, 35]"
4010,"[25, 48, 0]"
4011,"[52, 32, 47]"
4012,"[17, 17, 48]"
4013,"[52, 46, 18]"
4014,"[52, 45, 18]"
4015,"[62, 49, 22]"
4016,"[62, 2, 53]"
4017,"[62, 46, 32]"
4018,"[28, 28, 55]"
4019,"[62, 42, 12]"
4020,"[10, 13, 4]"
4021,"[62, 27, 17]"
4022,"[28, 63, 17]"
4023,"[1, 35, 63]"
4024,"[62, 16, 22]"
4025,"[26, 30, 11]"
4026,"[49, 54, 28]"
4027,"[10, 41, 60]"
4028,"[62, 35, 50]"
4029,"[35, 21, 49]"
4030,"[35, 29, 29]"
4031,"[52, 11, 58]"
4032,"[62, 63, 15]"
4033,"[20, 31, 2]"
4034,"[52, 10, 52]"
4035,"[17, 17, 54]"
4036,"[49, 39, 59]"
4037,"[42, 19, 46]"
4038,"[62, 56, 33]"
4039,"[62, 27, 31]"
4040,"[62, 59, 30]"
4041,"[62, 27, 31]"
4042,"[0, 8, 43]"
4043,"[1, 58, 60]"
4044,"[19, 7, 20]"
4045,"[52, 5, 61]"
4046,"[8, 4, 26]"
4047,"[61, 61, 19]"
4048,"[52, 9, 46]"
4049,"[48, 4, 27]"
4050,"[62, 36, 7]"
4051,"[7, 9, 3]"
4052,"[52, 32, 61]"
4053,"[17, 17, 28]"
4054,"[62, 57, 0]"
4055,"[49, 23, 59]"
4056,"[62, 27, 47]"
4057,"[45, 53, 39]"
4058,"[4, 59, 13]"
4059,"[19, 24, 20]"
4060,"[62, 34, 37]"
4061,"[12, 37, 3]"
4062,"[45, 40, 63]"
4063,"[1, 22, 21]"
4064,"[62, 33, 14]"
4065,"[22, 1, 30]"
4066,"[52, 14, 61]"
4067,"[62, 43, 34]"
4068,"[26, 6, 6]"
4069,"[52, 30, 31]"
4070,"[27, 61, 21]"
4071,"[51, 25, 1]"
4072,"[1, 18, 50]"
4073,"[1, 12, 7]"
4074,"[62, 14, 41]"
4075,"[25, 26, 6]"
4076,"[52, 24, 8]"
4077,"[62, 55, 56]"
4078,"[45, 40, 39]"
4079,"[63, 8, 43]"
4080,"[62, 27, 31]"
4081,"[21, 60, 11]"
4082,"[62, 1, 32]"
4083,"[8, 20, 51]"
4084,"[1, 55, 21]"
4085,"[62, 34, 23]"
4086,"[1, 40, 5]"
4087,"[61, 54, 19]"
4088,"[62, 34, 62]"
4089,"[62, 0, 8]"
4090,"[62, 5, 14]"
4091,"[33, 21, 4]"
4092,"[62, 57, 34]"
4093,"[53, 3, 26]"
4094,"[62, 33, 13]"
4095,"[10, 38, 44]"
4096,"[32, 1, 1]"
4097,"[62, 57, 59]"
4098,"[8, 9, 51]"
4099,"[1, 58, 37]"
4100,"[62, 18, 63]"
4101,"[42, 19, 40]"
4102,"[1, 16, 9]"
4103,"[57, 14, 32]"
4104,"[5, 26, 49]"
4105,"[1, 60, 11]"
4106,"[45, 35, 29]"
4107,"[26, 39, 13]"
4108,"[20, 28, 13]"
4109,"[60, 39, 55]"
4110,"[52, 8, 35]"
4111,"[3, 11, 54]"
4112,"[62, 36, 25]"
4113,"[3, 49, 16]"
4114,"[38, 48, 53]"
4115,"[48, 19, 20]"
4116,"[62, 59, 0]"
4117,"[53, 61, 4]"
4118,"[57, 44, 60]"
4119,"[62, 52, 3]"
4120,"[62, 29, 34]"
4121,"[62, 23, 22]"
4122,"[42, 40, 46]"
4123,"[62, 51, 24]"
4124,"[52, 4, 54]"
4125,"[62, 59, 2]"
4126,"[42, 50, 61]"
4127,"[33, 13, 38]"
4128,"[7, 41, 3]"
4129,"[12, 5, 31]"
4130,"[62, 7, 60]"
4131,"[27, 61, 5]"
4132,"[62, 14, 36]"
4133,"[52, 24, 8]"
4134,"[7, 21, 48]"
4135,"[21, 10, 4]"
4136,"[48, 24, 5]"
4137,"[62, 36, 7]"
4138,"[52, 32, 41]"
4139,"[52, 45, 2]"
4140,"[62, 62, 0]"
4141,"[0, 62, 45]"
4142,"[62, 8, 43]"
4143,"[48, 17, 27]"
4144,"[38, 48, 59]"
4145,"[62, 55, 6]"
4146,"[8, 47, 35]"
4147,"[7, 60, 23]"
4148,"[52, 35, 10]"
4149,"[62, 0, 21]"
4150,"[62, 34, 16]"
4151,"[62, 27, 34]"
4152,"[62, 33, 57]"
4153,"[62, 63, 44]"
4154,"[1, 12, 7]"
4155,"[45, 40, 52]"
4156,"[36, 24, 58]"
4157,"[57, 3, 47]"
4158,"[62, 36, 10]"
4159,"[33, 13, 28]"
4160,"[12, 5, 2]"
4161,"[62, 20, 27]"
4162,"[46, 54, 36]"
4163,"[38, 7, 62]"
4164,"[62, 55, 50]"
4165,"[62, 43, 37]"
4166,"[62, 41, 23]"
4167,"[57, 25, 39]"
4168,"[62, 33, 57]"
4169,"[57, 52, 39]"
4170,"[57, 37, 41]"
4171,"[62, 56, 22]"
4172,"[62, 0, 42]"
4173,"[9, 21, 29]"
4174,"[3, 42, 43]"
4175,"[62, 0, 56]"
4176,"[52, 46, 18]"
4177,"[62, 30, 38]"
4178,"[62, 23, 33]"
4179,"[62, 16, 15]"
4180,"[10, 27, 31]"
4181,"[19, 9, 48]"
4182,"[62, 57, 19]"
4183,"[1, 2, 30]"
4184,"[32, 1, 18]"
4185,"[62, 34, 15]"
4186,"[62, 29, 14]"
4187,"[57, 37, 30]"
4188,"[62, 12, 25]"
4189,"[52, 46, 36]"
4190,"[57, 37, 30]"
4191,"[62, 43, 34]"
4192,"[46, 6, 52]"
4193,"[62, 44, 60]"
4194,"[53, 4, 26]"
4195,"[52, 62, 5]"
4196,"[26, 31, 51]"
4197,"[62, 31, 14]"
4198,"[1, 22, 21]"
4199,"[62, 20, 63]"
4200,"[62, 42, 42]"
4201,"[7, 41, 49]"
4202,"[62, 38, 57]"
4203,"[62, 53, 45]"
4204,"[24, 22, 45]"
4205,"[57, 58, 62]"
4206,"[21, 32, 17]"
4207,"[52, 26, 54]"
4208,"[27, 44, 26]"
4209,"[26, 6, 36]"
4210,"[26, 25, 4]"
4211,"[28, 28, 46]"
4212,"[62, 30, 53]"
4213,"[17, 17, 56]"
4214,"[4, 50, 20]"
4215,"[62, 51, 44]"
4216,"[24, 53, 1]"
4217,"[42, 30, 6]"
4218,"[62, 38, 8]"
4219,"[57, 3, 47]"
4220,"[36, 15, 12]"
4221,"[46, 54, 9]"
4222,"[62, 56, 19]"
4223,"[57, 3, 12]"
4224,"[62, 1, 13]"
4225,"[62, 32, 21]"
4226,"[62, 34, 62]"
4227,"[62, 19, 44]"
4228,"[62, 44, 60]"
4229,"[62, 8, 43]"
4230,"[62, 29, 24]"
4231,"[62, 42, 14]"
4232,"[26, 25, 28]"
4233,"[62, 34, 62]"
4234,"[8, 22, 12]"
4235,"[62, 20, 51]"
4236,"[62, 14, 36]"
4237,"[26, 6, 28]"
4238,"[62, 58, 37]"
4239,"[52, 10, 52]"
4240,"[45, 40, 63]"
4241,"[52, 47, 17]"
4242,"[46, 54, 2]"
4243,"[62, 0, 7]"
4244,"[3, 26, 17]"
4245,"[62, 9, 32]"
4246,"[62, 43, 13]"
4247,"[62, 42, 57]"
4248,"[8, 59, 10]"
4249,"[62, 27, 34]"
4250,"[57, 3, 47]"
4251,"[28, 50, 61]"
4252,"[52, 4, 6]"
4253,"[52, 11, 11]"
4254,"[62, 0, 32]"
4255,"[26, 59, 51]"
4256,"[62, 47, 10]"
4257,"[52, 13, 54]"
4258,"[1, 55, 56]"
4259,"[13, 11, 45]"
4260,"[22, 23, 37]"
4261,"[62, 5, 21]"
4262,"[62, 44, 13]"
4263,"[62, 63, 44]"
4264,"[52, 46, 31]"
4265,"[62, 37, 18]"
4266,"[62, 45, 22]"
4267,"[62, 18, 50]"
4268,"[52, 28, 36]"
4269,"[57, 3, 44]"
4270,"[15, 43, 4]"
4271,"[1, 12, 7]"
4272,"[62, 56, 33]"
4273,"[52, 22, 16]"
4274,"[62, 58, 8]"
4275,"[49, 45, 42]"
4276,"[57, 36, 25]"
4277,"[62, 32, 0]"
4278,"[2, 7, 48]"
4279,"[9, 9, 26]"
4280,"[1, 44, 16]"
4281,"[62, 36, 14]"
4282,"[62, 51, 63]"
4283,"[62, 55, 56]"
4284,"[63, 33, 3]"
4285,"[52, 15, 4]"
4286,"[62, 7, 60]"
4287,"[45, 13, 54]"
4288,"[7, 60, 23]"
4289,"[62, 51, 44]"
4290,"[51, 38, 1]"
4291,"[62, 49, 35]"
4292,"[35, 41, 20]"
4293,"[62, 58, 60]"
4294,"[62, 62, 11]"
4295,"[48, 14, 27]"
4296,"[63, 21, 59]"
4297,"[52, 46, 18]"
4298,"[5, 26, 49]"
4299,"[8, 31, 53]"
4300,"[62, 52, 41]"
4301,"[16, 61, 27]"
4302,"[17, 17, 1]"
4303,"[62, 16, 22]"
4304,"[52, 10, 52]"
4305,"[63, 24, 47]"
4306,"[57, 27, 46]"
4307,"[62, 57, 57]"
4308,"[62, 8, 43]"
4309,"[36, 30, 46]"
4310,"[53, 4, 26]"
4311,"[8, 35, 26]"
4312,"[35, 56, 55]"
4313,"[13, 38, 29]"
4314,"[62, 0, 7]"
4315,"[62, 33, 3]"
4316,"[62, 2, 22]"
4317,"[62, 20, 51]"
4318,"[57, 37, 39]"
4319,"[62, 63, 15]"
4320,"[45, 6, 38]"
4321,"[58, 60, 40]"
4322,"[13, 15, 29]"
4323,"[62, 45, 23]"
4324,"[62, 19, 30]"
4325,"[21, 48, 10]"
4326,"[49, 39, 6]"
4327,"[46, 54, 9]"
4328,"[62, 17, 55]"
4329,"[20, 31, 2]"
4330,"[19, 24, 20]"
4331,"[19, 21, 30]"
4332,"[1, 12, 16]"
4333,"[26, 25, 35]"
4334,"[13, 33, 3]"
4335,"[62, 49, 38]"
4336,"[41, 24, 35]"
4337,"[62, 29, 34]"
4338,"[57, 37, 39]"
4339,"[52, 23, 54]"
4340,"[38, 48, 63]"
4341,"[62, 62, 33]"
4342,"[2, 39, 58]"
4343,"[2, 53, 48]"
4344,"[22, 30, 31]"
4345,"[61, 53, 19]"
4346,"[62, 40, 5]"
4347,"[42, 50, 61]"
4348,"[1, 18, 50]"
4349,"[62, 28, 45]"
4350,"[35, 2, 58]"
4351,"[41, 41, 8]"
4352,"[5, 39, 29]"
4353,"[41, 23, 55]"
4354,"[62, 14, 41]"
4355,"[21, 42, 11]"
4356,"[52, 46, 61]"
4357,"[41, 3, 55]"
4358,"[62, 59, 39]"
4359,"[62, 33, 15]"
4360,"[62, 48, 27]"
4361,"[28, 9, 46]"
4362,"[62, 0, 22]"
4363,"[62, 1, 7]"
4364,"[42, 27, 31]"
4365,"[62, 56, 33]"
4366,"[52, 13, 54]"
4367,"[26, 6, 13]"
4368,"[4, 56, 51]"
4369,"[52, 11, 6]"
4370,"[41, 26, 8]"
4371,"[19, 24, 1]"
4372,"[62, 33, 14]"
4373,"[7, 46, 3]"
4374,"[62, 43, 34]"
4375,"[62, 37, 9]"
4376,"[61, 29, 16]"
4377,"[62, 30, 33]"
4378,"[20, 31, 2]"
4379,"[62, 37, 35]"
4380,"[13, 54, 29]"
4381,"[62, 57, 59]"
4382,"[62, 8, 43]"
4383,"[40, 6, 38]"
4384,"[53, 38, 49]"
4385,"[62, 19, 50]"
4386,"[0, 10, 47]"
4387,"[59, 30, 46]"
4388,"[58, 27, 4]"
4389,"[1, 12, 25]"
4390,"[62, 32, 57]"
4391,"[8, 19, 42]"
4392,"[8, 39, 26]"
4393,"[62, 29, 24]"
4394,"[33, 13, 4]"
4395,"[62, 20, 27]"
4396,"[13, 61, 12]"
4397,"[20, 31, 2]"
4398,"[62, 7, 60]"
4399,"[62, 49, 0]"
4400,"[60, 9, 51]"
4401,"[1, 2, 17]"
4402,"[62, 34, 62]"
4403,"[62, 57, 57]"
4404,"[62, 1, 13]"
4405,"[62, 5, 14]"
4406,"[7, 60, 23]"
4407,"[62, 44, 19]"
4408,"[35, 13, 20]"
4409,"[62, 49, 37]"
4410,"[62, 43, 24]"
4411,"[52, 10, 52]"
4412,"[36, 61, 9]"
4413,"[21, 22, 11]"
4414,"[58, 35, 40]"
4415,"[61, 17, 38]"
4416,"[62, 60, 23]"
4417,"[1, 55, 56]"
4418,"[0, 62, 3]"
4419,"[62, 1, 32]"
4420,"[62, 42, 62]"
4421,"[53, 23, 8]"
4422,"[62, 51, 44]"
4423,"[52, 28, 17]"
4424,"[22, 11, 36]"
4425,"[52, 44, 12]"
4426,"[0, 63, 53]"
4427,"[36, 4, 49]"
4428,"[62, 12, 32]"
4429,"[52, 35, 61]"
4430,"[1, 60, 51]"
4431,"[1, 55, 19]"
4432,"[62, 49, 0]"
4433,"[62, 0, 42]"
4434,"[52, 10, 45]"
4435,"[1, 54, 40]"
4436,"[62, 63, 41]"
4437,"[52, 45, 53]"
4438,"[60, 22, 5]"
4439,"[62, 47, 34]"
4440,"[60, 48, 26]"
4441,"[62, 36, 7]"
4442,"[62, 12, 25]"
4443,"[1, 58, 21]"
4444,"[62, 58, 62]"
4445,"[36, 52, 30]"
4446,"[8, 59, 48]"
4447,"[36, 15, 20]"
4448,"[62, 40, 10]"
4449,"[62, 40, 10]"
4450,"[52, 4, 54]"
4451,"[52, 11, 36]"
4452,"[51, 25, 1]"
4453,"[52, 45, 5]"
4454,"[12, 5, 35]"
4455,"[62, 33, 63]"
4456,"[4, 50, 18]"
4457,"[62, 29, 24]"
4458,"[62, 7, 22]"
4459,"[26, 53, 28]"
4460,"[49, 25, 59]"
4461,"[26, 20, 47]"
4462,"[19, 21, 35]"
4463,"[57, 15, 26]"
4464,"[35, 53, 58]"
4465,"[45, 24, 29]"
4466,"[62, 0, 17]"
4467,"[17, 17, 48]"
4468,"[62, 8, 43]"
4469,"[52, 26, 31]"
4470,"[62, 32, 15]"
4471,"[35, 21, 49]"
4472,"[62, 46, 37]"
4473,"[62, 47, 57]"
4474,"[22, 41, 28]"
4475,"[62, 16, 40]"
4476,"[62, 55, 44]"
4477,"[58, 2, 52]"
4478,"[52, 28, 30]"
4479,"[3, 52, 21]"
4480,"[62, 55, 38]"
4481,"[42, 30, 31]"
4482,"[22, 50, 61]"
4483,"[61, 58, 28]"
4484,"[62, 22, 28]"
4485,"[52, 10, 8]"
4486,"[62, 26, 0]"
4487,"[52, 45, 18]"
4488,"[21, 48, 37]"
4489,"[62, 36, 7]"
4490,"[62, 55, 56]"
4491,"[19, 25, 49]"
4492,"[1, 12, 7]"
4493,"[21, 47, 22]"
4494,"[52, 44, 3]"
4495,"[1, 2, 27]"
4496,"[42, 19, 41]"
4497,"[62, 20, 63]"
4498,"[62, 27, 11]"
4499,"[62, 0, 7]"
4500,"[21, 61, 52]"
4501,"[62, 49, 37]"
4502,"[62, 19, 54]"
4503,"[62, 42, 22]"
4504,"[62, 62, 17]"
4505,"[52, 24, 8]"
4506,"[62, 63, 55]"
4507,"[62, 33, 19]"
4508,"[57, 60, 13]"
4509,"[32, 1, 39]"
4510,"[2, 40, 16]"
4511,"[62, 7, 60]"
4512,"[62, 51, 44]"
4513,"[33, 53, 5]"
4514,"[52, 30, 31]"
4515,"[62, 34, 62]"
4516,"[0, 52, 41]"
4517,"[38, 18, 38]"
4518,"[62, 16, 15]"
4519,"[62, 49, 40]"
4520,"[62, 49, 0]"
4521,"[53, 14, 26]"
4522,"[62, 23, 33]"
4523,"[62, 51, 24]"
4524,"[35, 38, 58]"
4525,"[1, 18, 16]"
4526,"[62, 58, 28]"
4527,"[9, 24, 47]"
4528,"[48, 46, 43]"
4529,"[15, 43, 4]"
4530,"[62, 57, 34]"
4531,"[17, 17, 2]"
4532,"[62, 17, 53]"
4533,"[19, 25, 49]"
4534,"[62, 31, 19]"
4535,"[62, 63, 43]"
4536,"[52, 8, 35]"
4537,"[57, 27, 30]"
4538,"[57, 14, 32]"
4539,"[62, 35, 10]"
4540,"[5, 39, 12]"
4541,"[62, 57, 14]"
4542,"[52, 28, 18]"
4543,"[62, 59, 34]"
4544,"[59, 56, 1]"
4545,"[60, 40, 23]"
4546,"[22, 41, 52]"
4547,"[0, 5, 21]"
4548,"[52, 9, 43]"
4549,"[52, 9, 46]"
4550,"[52, 6, 11]"
4551,"[33, 13, 47]"
4552,"[21, 37, 53]"
4553,"[62, 0, 16]"
4554,"[61, 37, 39]"
4555,"[0, 10, 6]"
4556,"[4, 61, 48]"
4557,"[22, 50, 30]"
4558,"[59, 4, 23]"
4559,"[62, 36, 55]"
4560,"[21, 26, 52]"
4561,"[52, 10, 35]"
4562,"[52, 6, 55]"
4563,"[48, 23, 20]"
4564,"[10, 11, 25]"
4565,"[10, 41, 9]"
4566,"[10, 13, 58]"
4567,"[58, 56, 27]"
4568,"[62, 16, 33]"
4569,"[52, 9, 46]"
4570,"[49, 45, 53]"
4571,"[52, 10, 18]"
4572,"[57, 35, 50]"
4573,"[13, 38, 29]"
4574,"[62, 33, 14]"
4575,"[10, 29, 20]"
4576,"[8, 39, 51]"
4577,"[8, 20, 51]"
4578,"[10, 29, 48]"
4579,"[52, 44, 12]"
4580,"[62, 59, 32]"
4581,"[62, 32, 42]"
4582,"[1, 18, 21]"
4583,"[62, 57, 57]"
4584,"[52, 30, 2]"
4585,"[33, 12, 59]"
4586,"[13, 54, 29]"
4587,"[32, 1, 45]"
4588,"[57, 3, 35]"
4589,"[62, 47, 10]"
4590,"[52, 15, 54]"
4591,"[10, 15, 9]"
4592,"[33, 4, 61]"
4593,"[33, 13, 27]"
4594,"[5, 60, 40]"
4595,"[38, 44, 12]"
4596,"[62, 33, 3]"
4597,"[62, 7, 60]"
4598,"[52, 28, 36]"
4599,"[12, 5, 2]"
4600,"[62, 52, 21]"
4601,"[33, 21, 26]"
4602,"[62, 55, 24]"
4603,"[1, 2, 26]"
4604,"[62, 32, 56]"
4605,"[46, 54, 6]"
4606,"[62, 34, 62]"
4607,"[38, 6, 36]"
4608,"[62, 48, 11]"
4609,"[22, 47, 10]"
4610,"[62, 12, 32]"
4611,"[1, 2, 40]"
4612,"[1, 12, 25]"
4613,"[52, 11, 36]"
4614,"[12, 5, 41]"
4615,"[48, 14, 27]"
4616,"[62, 14, 50]"
4617,"[42, 50, 61]"
4618,"[62, 55, 56]"
4619,"[16, 8, 30]"
4620,"[52, 25, 31]"
4621,"[62, 56, 14]"
4622,"[19, 11, 20]"
4623,"[9, 45, 58]"
4624,"[13, 61, 29]"
4625,"[62, 44, 8]"
4626,"[62, 28, 59]"
4627,"[46, 3, 23]"
4628,"[10, 4, 48]"
4629,"[62, 17, 53]"
4630,"[10, 15, 48]"
4631,"[0, 10, 6]"
4632,"[60, 33, 55]"
4633,"[62, 55, 44]"
4634,"[62, 8, 43]"
4635,"[49, 25, 49]"
4636,"[10, 15, 49]"
4637,"[52, 62, 35]"
4638,"[33, 21, 38]"
4639,"[19, 7, 39]"
4640,"[1, 2, 4]"
4641,"[33, 37, 5]"
4642,"[5, 39, 1]"
4643,"[62, 49, 22]"
4644,"[60, 9, 4]"
4645,"[0, 10, 62]"
4646,"[2, 7, 6]"
4647,"[52, 4, 54]"
4648,"[26, 20, 59]"
4649,"[36, 35, 12]"
4650,"[62, 42, 13]"
4651,"[35, 21, 58]"
4652,"[62, 46, 57]"
4653,"[48, 32, 1]"
4654,"[22, 61, 51]"
4655,"[36, 35, 9]"
4656,"[62, 34, 15]"
4657,"[62, 36, 7]"
4658,"[13, 54, 51]"
4659,"[62, 9, 46]"
4660,"[62, 36, 44]"
4661,"[62, 44, 13]"
4662,"[13, 38, 29]"
4663,"[62, 18, 22]"
4664,"[62, 51, 33]"
4665,"[48, 45, 52]"
4666,"[62, 51, 63]"
4667,"[19, 24, 47]"
4668,"[45, 39, 20]"
4669,"[62, 52, 34]"
4670,"[62, 59, 32]"
4671,"[33, 13, 58]"
4672,"[62, 43, 34]"
4673,"[62, 43, 24]"
4674,"[62, 28, 33]"
4675,"[62, 47, 62]"
4676,"[62, 57, 57]"
4677,"[62, 27, 47]"
4678,"[62, 63, 3]"
4679,"[1, 19, 21]"
4680,"[45, 40, 39]"
4681,"[62, 56, 53]"
4682,"[62, 0, 42]"
4683,"[62, 34, 28]"
4684,"[62, 44, 0]"
4685,"[53, 4, 26]"
4686,"[62, 49, 37]"
4687,"[52, 26, 3]"
4688,"[62, 29, 13]"
4689,"[20, 31, 2]"
4690,"[60, 26, 55]"
4691,"[62, 57, 19]"
4692,"[1, 58, 60]"
4693,"[45, 40, 39]"
4694,"[26, 6, 35]"
4695,"[26, 52, 30]"
4696,"[26, 6, 9]"
4697,"[1, 58, 10]"
4698,"[26, 6, 36]"
4699,"[46, 41, 52]"
4700,"[1, 12, 25]"
4701,"[42, 50, 61]"
4702,"[62, 30, 41]"
4703,"[53, 23, 8]"
4704,"[42, 50, 54]"
4705,"[42, 27, 19]"
4706,"[45, 1, 7]"
4707,"[1, 38, 21]"
4708,"[62, 34, 22]"
4709,"[60, 28, 4]"
4710,"[62, 0, 46]"
4711,"[62, 8, 17]"
4712,"[42, 32, 54]"
4713,"[58, 53, 45]"
4714,"[62, 56, 40]"
4715,"[62, 42, 41]"
4716,"[52, 62, 35]"
4717,"[62, 29, 15]"
4718,"[60, 60, 23]"
4719,"[33, 21, 28]"
4720,"[62, 54, 26]"
4721,"[42, 30, 31]"
4722,"[59, 17, 1]"
4723,"[60, 33, 12]"
4724,"[20, 31, 2]"
4725,"[62, 19, 42]"
4726,"[1, 59, 16]"
4727,"[62, 0, 7]"
4728,"[62, 1, 37]"
4729,"[25, 48, 25]"
4730,"[62, 20, 27]"
4731,"[62, 53, 5]"
4732,"[46, 3, 37]"
4733,"[62, 16, 33]"
4734,"[60, 41, 45]"
4735,"[26, 60, 11]"
4736,"[60, 23, 30]"
4737,"[26, 20, 59]"
4738,"[62, 1, 7]"
4739,"[27, 23, 48]"
4740,"[21, 19, 16]"
4741,"[42, 42, 13]"
4742,"[52, 49, 0]"
4743,"[19, 44, 20]"
4744,"[7, 4, 49]"
4745,"[60, 2, 26]"
4746,"[36, 35, 46]"
4747,"[36, 11, 28]"
4748,"[1, 2, 56]"
4749,"[62, 31, 3]"
4750,"[62, 28, 27]"
4751,"[42, 50, 61]"
4752,"[13, 38, 4]"
4753,"[21, 10, 53]"
4754,"[62, 37, 16]"
4755,"[62, 5, 14]"
4756,"[1, 52, 21]"
4757,"[62, 33, 38]"
4758,"[60, 57, 35]"
4759,"[7, 24, 48]"
4760,"[57, 14, 32]"
4761,"[62, 58, 62]"
4762,"[62, 39, 20]"
4763,"[52, 30, 51]"
4764,"[49, 28, 16]"
4765,"[25, 53, 0]"
4766,"[62, 43, 34]"
4767,"[62, 63, 43]"
4768,"[41, 14, 41]"
4769,"[27, 61, 55]"
4770,"[7, 21, 58]"
4771,"[45, 7, 20]"
4772,"[46, 3, 52]"
4773,"[62, 32, 42]"
4774,"[26, 6, 36]"
4775,"[8, 45, 35]"
4776,"[22, 50, 30]"
4777,"[7, 39, 45]"
4778,"[1, 12, 17]"
4779,"[62, 43, 37]"
4780,"[35, 25, 9]"
4781,"[7, 37, 45]"
4782,"[9, 24, 47]"
4783,"[62, 36, 7]"
4784,"[22, 8, 35]"
4785,"[13, 46, 27]"
4786,"[42, 42, 42]"
4787,"[13, 54, 6]"
4788,"[53, 4, 26]"
4789,"[7, 9, 3]"
4790,"[1, 58, 21]"
4791,"[62, 56, 18]"
4792,"[16, 17, 1]"
4793,"[62, 34, 15]"
4794,"[62, 56, 33]"
4795,"[1, 18, 50]"
4796,"[9, 15, 9]"
4797,"[52, 62, 5]"
4798,"[62, 0, 44]"
4799,"[49, 9, 31]"
4800,"[62, 55, 63]"
4801,"[57, 14, 32]"
4802,"[40, 6, 6]"
4803,"[26, 59, 57]"
4804,"[62, 5, 13]"
4805,"[62, 5, 8]"
4806,"[41, 41, 55]"
4807,"[16, 39, 29]"
4808,"[62, 7, 60]"
4809,"[1, 58, 60]"
4810,"[13, 54, 29]"
4811,"[15, 61, 4]"
4812,"[62, 22, 42]"
4813,"[52, 62, 5]"
4814,"[1, 16, 62]"
4815,"[62, 1, 19]"
4816,"[10, 29, 36]"
4817,"[62, 52, 22]"
4818,"[62, 10, 62]"
4819,"[62, 49, 37]"
4820,"[26, 60, 11]"
4821,"[1, 55, 56]"
4822,"[45, 40, 39]"
4823,"[52, 13, 54]"
4824,"[62, 47, 5]"
4825,"[62, 27, 31]"
4826,"[22, 30, 44]"
4827,"[21, 48, 49]"
4828,"[62, 27, 52]"
4829,"[62, 33, 17]"
4830,"[1, 45, 2]"
4831,"[53, 50, 12]"
4832,"[60, 60, 23]"
4833,"[62, 17, 53]"
4834,"[62, 27, 1]"
4835,"[62, 34, 23]"
4836,"[21, 20, 27]"
4837,"[26, 59, 59]"
4838,"[53, 38, 8]"
4839,"[62, 47, 15]"
4840,"[25, 26, 25]"
4841,"[10, 19, 15]"
4842,"[62, 20, 11]"
4843,"[62, 57, 19]"
4844,"[62, 51, 24]"
4845,"[62, 46, 2]"
4846,"[22, 22, 28]"
4847,"[62, 36, 7]"
4848,"[62, 29, 14]"
4849,"[36, 35, 46]"
4850,"[22, 41, 4]"
4851,"[13, 53, 47]"
4852,"[15, 61, 38]"
4853,"[40, 26, 31]"
4854,"[10, 13, 9]"
4855,"[62, 51, 33]"
4856,"[52, 15, 54]"
4857,"[26, 25, 51]"
4858,"[25, 48, 44]"
4859,"[45, 40, 39]"
4860,"[20, 31, 18]"
4861,"[62, 16, 41]"
4862,"[22, 47, 10]"
4863,"[42, 32, 16]"
4864,"[62, 47, 46]"
4865,"[62, 33, 8]"
4866,"[22, 24, 58]"
4867,"[40, 6, 11]"
4868,"[20, 31, 2]"
4869,"[62, 37, 35]"
4870,"[52, 40, 17]"
4871,"[62, 43, 24]"
4872,"[10, 35, 36]"
4873,"[62, 8, 43]"
4874,"[62, 44, 60]"
4875,"[62, 36, 25]"
4876,"[1, 55, 19]"
4877,"[40, 6, 28]"
4878,"[57, 3, 39]"
4879,"[62, 7, 60]"
4880,"[62, 2, 45]"
4881,"[62, 20, 63]"
4882,"[40, 13, 6]"
4883,"[1, 29, 19]"
4884,"[62, 20, 20]"
4885,"[12, 9, 3]"
4886,"[22, 21, 35]"
4887,"[1, 18, 50]"
4888,"[52, 49, 38]"
4889,"[57, 37, 39]"
4890,"[17, 17, 52]"
4891,"[62, 34, 15]"
4892,"[13, 17, 29]"
4893,"[0, 52, 45]"
4894,"[1, 58, 27]"
4895,"[42, 9, 61]"
4896,"[53, 3, 26]"
4897,"[0, 23, 47]"
4898,"[38, 6, 47]"
4899,"[62, 25, 28]"
4900,"[62, 29, 62]"
4901,"[22, 20, 41]"
4902,"[59, 32, 40]"
4903,"[26, 45, 13]"
4904,"[4, 39, 13]"
4905,"[60, 53, 5]"
4906,"[62, 33, 8]"
4907,"[62, 49, 0]"
4908,"[48, 3, 27]"
4909,"[52, 30, 53]"
4910,"[62, 42, 23]"
4911,"[36, 41, 30]"
4912,"[62, 2, 23]"
4913,"[62, 47, 62]"
4914,"[62, 42, 50]"
4915,"[26, 25, 51]"
4916,"[22, 19, 41]"
4917,"[1, 19, 21]"
4918,"[8, 62, 35]"
4919,"[49, 22, 38]"
4920,"[22, 54, 52]"
4921,"[49, 28, 20]"
4922,"[45, 45, 57]"
4923,"[62, 33, 8]"
4924,"[49, 28, 36]"
4925,"[29, 26, 30]"
4926,"[1, 0, 33]"
4927,"[62, 1, 44]"
4928,"[62, 10, 19]"
4929,"[62, 5, 14]"
4930,"[1, 32, 16]"
4931,"[62, 38, 22]"
4932,"[49, 23, 49]"
4933,"[1, 55, 56]"
4934,"[62, 14, 3]"
4935,"[62, 26, 11]"
4936,"[63, 38, 54]"
4937,"[62, 55, 63]"
4938,"[62, 14, 42]"
4939,"[35, 39, 59]"
4940,"[62, 5, 21]"
4941,"[42, 50, 4]"
4942,"[62, 46, 37]"
4943,"[62, 43, 24]"
4944,"[38, 48, 10]"
4945,"[62, 59, 32]"
4946,"[26, 60, 13]"
4947,"[62, 56, 42]"
4948,"[20, 31, 2]"
4949,"[22, 21, 55]"
4950,"[62, 57, 59]"
4951,"[63, 10, 12]"
4952,"[13, 54, 58]"
4953,"[26, 25, 28]"
4954,"[62, 0, 29]"
4955,"[62, 63, 44]"
4956,"[27, 11, 5]"
4957,"[62, 1, 37]"
4958,"[62, 11, 32]"
4959,"[62, 43, 34]"
4960,"[62, 52, 22]"
4961,"[62, 36, 10]"
4962,"[1, 7, 63]"
4963,"[62, 33, 43]"
4964,"[62, 16, 31]"
4965,"[36, 13, 12]"
4966,"[62, 5, 14]"
4967,"[62, 56, 18]"
4968,"[52, 15, 17]"
4969,"[1, 12, 25]"
4970,"[38, 30, 53]"
4971,"[62, 27, 2]"
4972,"[53, 4, 26]"
4973,"[57, 37, 7]"
4974,"[62, 46, 37]"
4975,"[49, 28, 6]"
4976,"[60, 61, 46]"
4977,"[2, 48, 48]"
4978,"[62, 34, 9]"
4979,"[1, 58, 15]"
4980,"[52, 30, 31]"
4981,"[53, 50, 61]"
4982,"[10, 47, 49]"
4983,"[10, 35, 1]"
4984,"[10, 61, 4]"
4985,"[22, 59, 55]"
4986,"[1, 12, 7]"
4987,"[24, 40, 12]"
4988,"[1, 18, 33]"
4989,"[51, 24, 1]"
4990,"[51, 53, 5]"
4991,"[52, 47, 17]"
4992,"[52, 61, 54]"
4993,"[62, 7, 60]"
4994,"[62, 8, 43]"
4995,"[22, 50, 47]"
4996,"[46, 6, 41]"
4997,"[12, 9, 40]"
4998,"[49, 28, 38]"
4999,"[52, 26, 51]"
5000,"[62, 63, 44]"
5001,"[15, 61, 4]"
5002,"[60, 33, 30]"
5003,"[62, 34, 58]"
5004,"[62, 56, 22]"
5005,"[62, 4, 18]"
5006,"[24, 54, 61]"
5007,"[62, 27, 19]"
5008,"[36, 35, 9]"
5009,"[62, 32, 39]"
5010,"[62, 23, 11]"
5011,"[42, 50, 61]"
5012,"[62, 27, 36]"
5013,"[53, 4, 26]"
5014,"[62, 59, 10]"
5015,"[1, 12, 7]"
5016,"[0, 18, 50]"
5017,"[52, 4, 54]"
5018,"[62, 57, 59]"
5019,"[17, 17, 5]"
5020,"[3, 60, 16]"
5021,"[35, 13, 20]"
5022,"[62, 19, 33]"
5023,"[52, 28, 36]"
5024,"[8, 35, 35]"
5025,"[41, 24, 55]"
5026,"[62, 51, 29]"
5027,"[51, 40, 12]"
5028,"[51, 53, 20]"
5029,"[51, 53, 38]"
5030,"[51, 53, 5]"
5031,"[51, 40, 47]"
5032,"[7, 39, 45]"
5033,"[42, 37, 2]"
5034,"[7, 41, 45]"
5035,"[7, 39, 40]"
5036,"[62, 18, 49]"
5037,"[62, 58, 37]"
5038,"[62, 63, 28]"
5039,"[7, 41, 45]"
5040,"[0, 52, 4]"
5041,"[29, 13, 52]"
5042,"[62, 31, 42]"
5043,"[62, 16, 33]"
5044,"[62, 23, 19]"
5045,"[62, 1, 21]"
5046,"[62, 36, 25]"
5047,"[53, 38, 48]"
5048,"[62, 52, 27]"
5049,"[62, 8, 43]"
5050,"[62, 49, 0]"
5051,"[1, 11, 9]"
5052,"[17, 17, 1]"
5053,"[62, 59, 32]"
5054,"[51, 40, 12]"
5055,"[42, 25, 31]"
5056,"[53, 24, 30]"
5057,"[51, 40, 58]"
5058,"[57, 15, 23]"
5059,"[0, 21, 3]"
5060,"[62, 26, 52]"
5061,"[62, 7, 60]"
5062,"[1, 60, 11]"
5063,"[62, 1, 13]"
5064,"[62, 22, 21]"
5065,"[1, 12, 25]"
5066,"[62, 0, 7]"
5067,"[9, 15, 55]"
5068,"[62, 37, 14]"
5069,"[53, 21, 20]"
5070,"[3, 22, 17]"
5071,"[62, 45, 59]"
5072,"[62, 54, 56]"
5073,"[62, 43, 24]"
5074,"[62, 6, 23]"
5075,"[62, 33, 18]"
5076,"[62, 44, 8]"
5077,"[62, 38, 29]"
5078,"[52, 30, 1]"
5079,"[62, 30, 1]"
5080,"[62, 63, 50]"
5081,"[62, 29, 49]"
5082,"[62, 10, 18]"
5083,"[62, 62, 53]"
5084,"[62, 3, 28]"
5085,"[62, 10, 34]"
5086,"[3, 46, 57]"
5087,"[62, 47, 46]"
5088,"[62, 38, 62]"
5089,"[62, 55, 56]"
5090,"[62, 45, 6]"
5091,"[1, 2, 24]"
5092,"[62, 20, 51]"
5093,"[62, 10, 34]"
5094,"[62, 37, 62]"
5095,"[62, 48, 57]"
5096,"[62, 19, 17]"
5097,"[63, 20, 41]"
5098,"[62, 16, 34]"
5099,"[62, 11, 32]"
5100,"[62, 16, 15]"
5101,"[42, 23, 46]"
5102,"[62, 25, 35]"
5103,"[62, 14, 31]"
5104,"[49, 14, 42]"
5105,"[42, 42, 27]"
5106,"[62, 34, 21]"
5107,"[1, 55, 56]"
5108,"[42, 42, 2]"
5109,"[62, 0, 7]"
5110,"[62, 31, 13]"
5111,"[62, 5, 14]"
5112,"[62, 49, 0]"
5113,"[62, 47, 10]"
5114,"[62, 46, 37]"
5115,"[62, 49, 32]"
5116,"[62, 62, 48]"
5117,"[62, 48, 23]"
5118,"[62, 20, 16]"
5119,"[57, 7, 15]"
5120,"[62, 59, 32]"
5121,"[62, 37, 7]"
5122,"[42, 60, 4]"
5123,"[42, 27, 15]"
5124,"[62, 7, 13]"
5125,"[1, 19, 61]"
5126,"[62, 62, 33]"
5127,"[62, 30, 59]"
5128,"[57, 14, 28]"
5129,"[62, 6, 52]"
5130,"[62, 21, 41]"
5131,"[62, 1, 57]"
5132,"[62, 32, 16]"
5133,"[62, 9, 10]"
5134,"[62, 48, 23]"
